,custAge,profession,marital,schooling,default,housing,loan,contact,month,day_of_week,campaign,pdays,previous,poutcome,emp.var.rate,cons.price.idx,cons.conf.idx,euribor3m,nr.employed,pastEmail,p_last_mon
4,"(33.2, 40.8]",blue-collar,married,Basic,no,no,no,cellular,jul,mon,"(0.961, 4.9]","(28.8, 32.0]","(-0.005, 0.5]",nonexistent,"(0.9200000000000004, 1.4]","(93.74060000000001, 93.9972]","(-43.629999999999995, -41.239999999999995]","(4.603899999999999, 5.045]","(5201.650000000001, 5228.1]","(-0.025, 2.5]",False
5,"(25.6, 33.2]",technician,married,university.degree,no,no,no,telephone,nov,wed,"(0.961, 4.9]","(28.8, 32.0]","(-0.005, 0.5]",nonexistent,"(-0.52, -0.040000000000000036]","(92.97080000000001, 93.2274]","(-43.629999999999995, -41.239999999999995]","(3.7216999999999993, 4.1628]","(5175.200000000001, 5201.650000000001]","(-0.025, 2.5]",False
9,"(71.19999999999999, 78.8]",retired,divorced,university.degree,no,no,no,cellular,aug,tue,"(0.961, 4.9]","(28.8, 32.0]","(-0.005, 0.5]",nonexistent,"(-2.92, -2.44]","(92.198434, 92.45760000000001]","(-31.68, -29.29]","(0.629589, 1.0751]","(5069.400000000001, 5095.85]","(-0.025, 2.5]",False
11,"(48.4, 56.0]",blue-collar,married,Basic,no,yes,no,cellular,aug,mon,"(4.9, 8.8]","(28.8, 32.0]","(-0.005, 0.5]",nonexistent,"(0.9200000000000004, 1.4]","(93.2274, 93.48400000000001]","(-36.46, -34.07]","(4.603899999999999, 5.045]","(5201.650000000001, 5228.1]","(-0.025, 2.5]",False
12,"(25.6, 33.2]",services,married,Basic,no,no,no,cellular,apr,mon,"(0.961, 4.9]","(28.8, 32.0]","(-0.005, 0.5]",nonexistent,"(-1.96, -1.48]","(92.97080000000001, 93.2274]","(-48.41, -46.019999999999996]","(1.0751, 1.5162]","(5095.85, 5122.3]","(-0.025, 2.5]",False
15,"(40.8, 48.4]",blue-collar,married,Basic,no,yes,yes,cellular,may,mon,"(0.961, 4.9]","(28.8, 32.0]","(-0.005, 0.5]",nonexistent,"(-1.96, -1.48]","(92.7142, 92.97080000000001]","(-48.41, -46.019999999999996]","(1.0751, 1.5162]","(5095.85, 5122.3]","(-0.025, 2.5]",False
17,"(25.6, 33.2]",management,married,university.degree,no,no,no,cellular,may,fri,"(0.961, 4.9]","(28.8, 32.0]","(0.5, 1.0]",failure,"(-1.96, -1.48]","(92.7142, 92.97080000000001]","(-48.41, -46.019999999999996]","(1.0751, 1.5162]","(5095.85, 5122.3]","(2.5, 5.0]",False
18,"(25.6, 33.2]",admin.,single,university.degree,no,no,no,cellular,oct,mon,"(0.961, 4.9]","(28.8, 32.0]","(0.5, 1.0]",failure,"(-3.4048, -2.92]","(92.198434, 92.45760000000001]","(-29.29, -26.9]","(0.629589, 1.0751]","(5016.5, 5042.950000000001]","(2.5, 5.0]",False
19,"(33.2, 40.8]",admin.,single,university.degree,no,no,yes,cellular,may,wed,"(0.961, 4.9]","(28.8, 32.0]","(-0.005, 0.5]",nonexistent,"(-1.96, -1.48]","(92.7142, 92.97080000000001]","(-48.41, -46.019999999999996]","(1.0751, 1.5162]","(5095.85, 5122.3]","(-0.025, 2.5]",False
21,"(33.2, 40.8]",admin.,married,high.school,no,no,no,telephone,may,fri,"(0.961, 4.9]","(28.8, 32.0]","(-0.005, 0.5]",nonexistent,"(0.9200000000000004, 1.4]","(93.74060000000001, 93.9972]","(-36.46, -34.07]","(4.603899999999999, 5.045]","(5175.200000000001, 5201.650000000001]","(-0.025, 2.5]",False
26,"(25.6, 33.2]",blue-collar,married,Basic,no,no,no,cellular,may,wed,"(0.961, 4.9]","(28.8, 32.0]","(0.5, 1.0]",failure,"(-1.96, -1.48]","(92.7142, 92.97080000000001]","(-48.41, -46.019999999999996]","(1.0751, 1.5162]","(5095.85, 5122.3]","(2.5, 5.0]",False
37,"(17.924, 25.6]",admin.,single,university.degree,no,yes,no,telephone,nov,mon,"(0.961, 4.9]","(28.8, 32.0]","(-0.005, 0.5]",nonexistent,"(-3.4048, -2.92]","(92.45760000000001, 92.7142]","(-31.68, -29.29]","(0.629589, 1.0751]","(5016.5, 5042.950000000001]","(-0.025, 2.5]",False
40,"(33.2, 40.8]",admin.,single,high.school,no,yes,no,telephone,may,thu,"(0.961, 4.9]","(28.8, 32.0]","(-0.005, 0.5]",nonexistent,"(0.9200000000000004, 1.4]","(93.74060000000001, 93.9972]","(-36.46, -34.07]","(4.603899999999999, 5.045]","(5175.200000000001, 5201.650000000001]","(-0.025, 2.5]",False
41,"(33.2, 40.8]",admin.,married,Basic,no,no,no,cellular,jul,thu,"(24.4, 28.3]","(28.8, 32.0]","(-0.005, 0.5]",nonexistent,"(0.9200000000000004, 1.4]","(93.74060000000001, 93.9972]","(-43.629999999999995, -41.239999999999995]","(4.603899999999999, 5.045]","(5201.650000000001, 5228.1]","(-0.025, 2.5]",False
42,"(33.2, 40.8]",management,married,university.degree,no,no,no,cellular,may,mon,"(0.961, 4.9]","(28.8, 32.0]","(-0.005, 0.5]",nonexistent,"(-1.96, -1.48]","(92.7142, 92.97080000000001]","(-48.41, -46.019999999999996]","(1.0751, 1.5162]","(5095.85, 5122.3]","(-0.025, 2.5]",False
43,"(40.8, 48.4]",services,single,high.school,no,no,no,cellular,apr,wed,"(0.961, 4.9]","(28.8, 32.0]","(-0.005, 0.5]",nonexistent,"(-1.96, -1.48]","(92.97080000000001, 93.2274]","(-48.41, -46.019999999999996]","(1.0751, 1.5162]","(5095.85, 5122.3]","(-0.025, 2.5]",False
44,"(25.6, 33.2]",blue-collar,married,Basic,no,no,no,telephone,jun,fri,"(4.9, 8.8]","(28.8, 32.0]","(-0.005, 0.5]",nonexistent,"(0.9200000000000004, 1.4]","(94.25380000000001, 94.5104]","(-43.629999999999995, -41.239999999999995]","(4.603899999999999, 5.045]","(5201.650000000001, 5228.1]","(-0.025, 2.5]",False
47,"(40.8, 48.4]",services,divorced,Basic,no,yes,no,telephone,may,fri,"(0.961, 4.9]","(28.8, 32.0]","(-0.005, 0.5]",nonexistent,"(0.9200000000000004, 1.4]","(93.74060000000001, 93.9972]","(-36.46, -34.07]","(4.603899999999999, 5.045]","(5175.200000000001, 5201.650000000001]","(-0.025, 2.5]",False
50,"(48.4, 56.0]",admin.,divorced,high.school,no,no,no,cellular,jul,mon,"(0.961, 4.9]","(28.8, 32.0]","(-0.005, 0.5]",nonexistent,"(0.9200000000000004, 1.4]","(93.74060000000001, 93.9972]","(-43.629999999999995, -41.239999999999995]","(4.603899999999999, 5.045]","(5201.650000000001, 5228.1]","(-0.025, 2.5]",False
51,"(25.6, 33.2]",blue-collar,single,Basic,no,yes,no,cellular,may,tue,"(0.961, 4.9]","(28.8, 32.0]","(0.5, 1.0]",failure,"(-1.96, -1.48]","(92.7142, 92.97080000000001]","(-48.41, -46.019999999999996]","(1.0751, 1.5162]","(5095.85, 5122.3]","(-0.025, 2.5]",False
53,"(33.2, 40.8]",admin.,married,university.degree,no,yes,no,cellular,apr,fri,"(0.961, 4.9]","(28.8, 32.0]","(0.5, 1.0]",failure,"(-1.96, -1.48]","(92.97080000000001, 93.2274]","(-48.41, -46.019999999999996]","(1.0751, 1.5162]","(5095.85, 5122.3]","(2.5, 5.0]",False
58,"(17.924, 25.6]",admin.,single,Basic,no,yes,yes,cellular,jul,thu,"(28.3, 32.2]","(28.8, 32.0]","(-0.005, 0.5]",nonexistent,"(0.9200000000000004, 1.4]","(93.74060000000001, 93.9972]","(-43.629999999999995, -41.239999999999995]","(4.603899999999999, 5.045]","(5201.650000000001, 5228.1]","(-0.025, 2.5]",False
60,"(40.8, 48.4]",self-employed,married,university.degree,no,yes,no,telephone,jun,thu,"(8.8, 12.7]","(28.8, 32.0]","(-0.005, 0.5]",nonexistent,"(0.9200000000000004, 1.4]","(94.25380000000001, 94.5104]","(-43.629999999999995, -41.239999999999995]","(4.603899999999999, 5.045]","(5201.650000000001, 5228.1]","(-0.025, 2.5]",False
61,"(40.8, 48.4]",blue-collar,married,Basic,no,no,yes,telephone,jun,wed,"(0.961, 4.9]","(28.8, 32.0]","(-0.005, 0.5]",nonexistent,"(0.9200000000000004, 1.4]","(94.25380000000001, 94.5104]","(-43.629999999999995, -41.239999999999995]","(4.603899999999999, 5.045]","(5201.650000000001, 5228.1]","(-0.025, 2.5]",False
64,"(25.6, 33.2]",technician,single,university.degree,no,yes,no,cellular,aug,tue,"(0.961, 4.9]","(28.8, 32.0]","(-0.005, 0.5]",nonexistent,"(0.9200000000000004, 1.4]","(93.2274, 93.48400000000001]","(-36.46, -34.07]","(4.603899999999999, 5.045]","(5201.650000000001, 5228.1]","(-0.025, 2.5]",False
65,"(40.8, 48.4]",blue-collar,married,professional.course,no,no,no,cellular,oct,wed,"(0.961, 4.9]","(28.8, 32.0]","(-0.005, 0.5]",nonexistent,"(-3.4048, -2.92]","(92.198434, 92.45760000000001]","(-29.29, -26.9]","(0.629589, 1.0751]","(5016.5, 5042.950000000001]","(-0.025, 2.5]",False
67,"(25.6, 33.2]",technician,divorced,professional.course,no,yes,yes,cellular,may,tue,"(0.961, 4.9]","(28.8, 32.0]","(-0.005, 0.5]",nonexistent,"(-1.96, -1.48]","(92.7142, 92.97080000000001]","(-48.41, -46.019999999999996]","(1.0751, 1.5162]","(5095.85, 5122.3]","(-0.025, 2.5]",False
68,"(25.6, 33.2]",admin.,single,university.degree,no,yes,no,cellular,aug,wed,"(16.6, 20.5]","(28.8, 32.0]","(-0.005, 0.5]",nonexistent,"(0.9200000000000004, 1.4]","(93.2274, 93.48400000000001]","(-36.46, -34.07]","(4.603899999999999, 5.045]","(5201.650000000001, 5228.1]","(-0.025, 2.5]",False
69,"(25.6, 33.2]",technician,single,professional.course,no,yes,no,cellular,may,wed,"(0.961, 4.9]","(28.8, 32.0]","(0.5, 1.0]",failure,"(-1.96, -1.48]","(92.7142, 92.97080000000001]","(-48.41, -46.019999999999996]","(1.0751, 1.5162]","(5095.85, 5122.3]","(2.5, 5.0]",False
70,"(40.8, 48.4]",technician,divorced,university.degree,no,yes,no,cellular,aug,fri,"(0.961, 4.9]","(28.8, 32.0]","(-0.005, 0.5]",nonexistent,"(0.9200000000000004, 1.4]","(93.2274, 93.48400000000001]","(-36.46, -34.07]","(4.603899999999999, 5.045]","(5201.650000000001, 5228.1]","(-0.025, 2.5]",False
71,"(40.8, 48.4]",technician,married,professional.course,no,no,no,telephone,may,fri,"(0.961, 4.9]","(28.8, 32.0]","(-0.005, 0.5]",nonexistent,"(0.9200000000000004, 1.4]","(93.74060000000001, 93.9972]","(-36.46, -34.07]","(4.603899999999999, 5.045]","(5175.200000000001, 5201.650000000001]","(-0.025, 2.5]",False
72,"(25.6, 33.2]",admin.,married,Basic,no,no,no,telephone,may,mon,"(0.961, 4.9]","(28.8, 32.0]","(-0.005, 0.5]",nonexistent,"(0.9200000000000004, 1.4]","(93.74060000000001, 93.9972]","(-36.46, -34.07]","(4.603899999999999, 5.045]","(5175.200000000001, 5201.650000000001]","(-0.025, 2.5]",False
74,"(40.8, 48.4]",services,married,high.school,no,yes,no,cellular,aug,thu,"(0.961, 4.9]","(28.8, 32.0]","(-0.005, 0.5]",nonexistent,"(0.9200000000000004, 1.4]","(93.2274, 93.48400000000001]","(-36.46, -34.07]","(4.603899999999999, 5.045]","(5201.650000000001, 5228.1]","(-0.025, 2.5]",False
75,"(25.6, 33.2]",admin.,single,university.degree,no,no,no,cellular,jul,mon,"(0.961, 4.9]","(28.8, 32.0]","(-0.005, 0.5]",nonexistent,"(0.9200000000000004, 1.4]","(93.74060000000001, 93.9972]","(-43.629999999999995, -41.239999999999995]","(4.603899999999999, 5.045]","(5201.650000000001, 5228.1]","(-0.025, 2.5]",False
76,"(33.2, 40.8]",admin.,married,university.degree,no,no,no,telephone,may,fri,"(0.961, 4.9]","(28.8, 32.0]","(-0.005, 0.5]",nonexistent,"(0.9200000000000004, 1.4]","(93.74060000000001, 93.9972]","(-36.46, -34.07]","(4.603899999999999, 5.045]","(5175.200000000001, 5201.650000000001]","(-0.025, 2.5]",False
77,"(33.2, 40.8]",technician,married,professional.course,no,no,no,telephone,may,wed,"(0.961, 4.9]","(28.8, 32.0]","(-0.005, 0.5]",nonexistent,"(0.9200000000000004, 1.4]","(93.74060000000001, 93.9972]","(-36.46, -34.07]","(4.603899999999999, 5.045]","(5175.200000000001, 5201.650000000001]","(-0.025, 2.5]",False
80,"(40.8, 48.4]",admin.,married,high.school,no,yes,no,cellular,aug,thu,"(0.961, 4.9]","(28.8, 32.0]","(-0.005, 0.5]",nonexistent,"(0.9200000000000004, 1.4]","(93.2274, 93.48400000000001]","(-36.46, -34.07]","(4.603899999999999, 5.045]","(5201.650000000001, 5228.1]","(-0.025, 2.5]",False
88,"(48.4, 56.0]",technician,married,professional.course,no,no,no,cellular,aug,wed,"(0.961, 4.9]","(28.8, 32.0]","(-0.005, 0.5]",nonexistent,"(0.9200000000000004, 1.4]","(93.2274, 93.48400000000001]","(-36.46, -34.07]","(4.603899999999999, 5.045]","(5201.650000000001, 5228.1]","(-0.025, 2.5]",False
90,"(25.6, 33.2]",student,single,university.degree,no,yes,no,telephone,aug,wed,"(0.961, 4.9]","(-0.032, 3.2]","(4.5, 5.0]",success,"(-1.96, -1.48]","(93.9972, 94.25380000000001]","(-38.849999999999994, -36.46]","(0.629589, 1.0751]","(4990.05, 5016.5]","(22.5, 25.0]",True
93,"(33.2, 40.8]",admin.,married,university.degree,no,no,no,telephone,may,tue,"(0.961, 4.9]","(28.8, 32.0]","(-0.005, 0.5]",nonexistent,"(0.9200000000000004, 1.4]","(93.74060000000001, 93.9972]","(-36.46, -34.07]","(4.603899999999999, 5.045]","(5175.200000000001, 5201.650000000001]","(-0.025, 2.5]",False
94,"(40.8, 48.4]",blue-collar,married,Basic,no,yes,no,cellular,aug,wed,"(0.961, 4.9]","(28.8, 32.0]","(-0.005, 0.5]",nonexistent,"(0.9200000000000004, 1.4]","(93.2274, 93.48400000000001]","(-36.46, -34.07]","(4.603899999999999, 5.045]","(5201.650000000001, 5228.1]","(-0.025, 2.5]",False
97,"(25.6, 33.2]",management,single,university.degree,no,no,no,cellular,apr,mon,"(0.961, 4.9]","(28.8, 32.0]","(-0.005, 0.5]",nonexistent,"(-1.96, -1.48]","(92.97080000000001, 93.2274]","(-48.41, -46.019999999999996]","(1.0751, 1.5162]","(5095.85, 5122.3]","(-0.025, 2.5]",False
99,"(56.0, 63.599999999999994]",services,divorced,high.school,no,yes,no,telephone,may,wed,"(0.961, 4.9]","(28.8, 32.0]","(-0.005, 0.5]",nonexistent,"(0.9200000000000004, 1.4]","(93.74060000000001, 93.9972]","(-36.46, -34.07]","(4.603899999999999, 5.045]","(5175.200000000001, 5201.650000000001]","(-0.025, 2.5]",False
101,"(56.0, 63.599999999999994]",entrepreneur,married,university.degree,no,no,no,telephone,jun,fri,"(4.9, 8.8]","(28.8, 32.0]","(-0.005, 0.5]",nonexistent,"(0.9200000000000004, 1.4]","(94.25380000000001, 94.5104]","(-43.629999999999995, -41.239999999999995]","(4.603899999999999, 5.045]","(5201.650000000001, 5228.1]","(-0.025, 2.5]",False
102,"(56.0, 63.599999999999994]",retired,married,high.school,no,yes,no,cellular,aug,fri,"(0.961, 4.9]","(28.8, 32.0]","(-0.005, 0.5]",nonexistent,"(0.9200000000000004, 1.4]","(93.2274, 93.48400000000001]","(-36.46, -34.07]","(4.603899999999999, 5.045]","(5201.650000000001, 5228.1]","(-0.025, 2.5]",False
105,"(17.924, 25.6]",admin.,single,university.degree,no,yes,no,cellular,apr,wed,"(0.961, 4.9]","(28.8, 32.0]","(-0.005, 0.5]",nonexistent,"(-1.96, -1.48]","(92.97080000000001, 93.2274]","(-48.41, -46.019999999999996]","(1.0751, 1.5162]","(5095.85, 5122.3]","(-0.025, 2.5]",False
106,"(40.8, 48.4]",blue-collar,married,Basic,no,yes,no,cellular,aug,tue,"(0.961, 4.9]","(28.8, 32.0]","(-0.005, 0.5]",nonexistent,"(0.9200000000000004, 1.4]","(93.2274, 93.48400000000001]","(-36.46, -34.07]","(4.603899999999999, 5.045]","(5201.650000000001, 5228.1]","(-0.025, 2.5]",False
109,"(40.8, 48.4]",technician,divorced,professional.course,no,yes,yes,cellular,nov,tue,"(0.961, 4.9]","(28.8, 32.0]","(-0.005, 0.5]",nonexistent,"(-0.52, -0.040000000000000036]","(92.97080000000001, 93.2274]","(-43.629999999999995, -41.239999999999995]","(3.7216999999999993, 4.1628]","(5175.200000000001, 5201.650000000001]","(-0.025, 2.5]",False
113,"(48.4, 56.0]",admin.,single,Basic,no,no,no,telephone,jun,thu,"(0.961, 4.9]","(28.8, 32.0]","(-0.005, 0.5]",nonexistent,"(0.9200000000000004, 1.4]","(94.25380000000001, 94.5104]","(-43.629999999999995, -41.239999999999995]","(4.603899999999999, 5.045]","(5201.650000000001, 5228.1]","(-0.025, 2.5]",False
123,"(40.8, 48.4]",technician,single,university.degree,no,yes,no,cellular,jul,thu,"(0.961, 4.9]","(28.8, 32.0]","(-0.005, 0.5]",nonexistent,"(0.9200000000000004, 1.4]","(93.74060000000001, 93.9972]","(-43.629999999999995, -41.239999999999995]","(4.603899999999999, 5.045]","(5201.650000000001, 5228.1]","(-0.025, 2.5]",False
129,"(33.2, 40.8]",blue-collar,married,Basic,no,no,no,cellular,may,wed,"(0.961, 4.9]","(28.8, 32.0]","(0.5, 1.0]",failure,"(-1.96, -1.48]","(92.7142, 92.97080000000001]","(-48.41, -46.019999999999996]","(1.0751, 1.5162]","(5095.85, 5122.3]","(-0.025, 2.5]",False
132,"(40.8, 48.4]",technician,married,professional.course,no,yes,no,cellular,jul,thu,"(16.6, 20.5]","(28.8, 32.0]","(-0.005, 0.5]",nonexistent,"(0.9200000000000004, 1.4]","(93.74060000000001, 93.9972]","(-43.629999999999995, -41.239999999999995]","(4.603899999999999, 5.045]","(5201.650000000001, 5228.1]","(-0.025, 2.5]",False
137,"(33.2, 40.8]",blue-collar,married,Basic,no,no,no,cellular,may,wed,"(0.961, 4.9]","(28.8, 32.0]","(-0.005, 0.5]",nonexistent,"(-1.96, -1.48]","(92.7142, 92.97080000000001]","(-48.41, -46.019999999999996]","(1.0751, 1.5162]","(5095.85, 5122.3]","(-0.025, 2.5]",False
138,"(48.4, 56.0]",admin.,divorced,university.degree,no,yes,yes,cellular,nov,thu,"(0.961, 4.9]","(28.8, 32.0]","(-0.005, 0.5]",nonexistent,"(-0.52, -0.040000000000000036]","(92.97080000000001, 93.2274]","(-43.629999999999995, -41.239999999999995]","(3.7216999999999993, 4.1628]","(5175.200000000001, 5201.650000000001]","(-0.025, 2.5]",False
139,"(33.2, 40.8]",blue-collar,married,Basic,no,yes,no,cellular,nov,wed,"(0.961, 4.9]","(28.8, 32.0]","(-0.005, 0.5]",nonexistent,"(-0.52, -0.040000000000000036]","(92.97080000000001, 93.2274]","(-43.629999999999995, -41.239999999999995]","(3.7216999999999993, 4.1628]","(5175.200000000001, 5201.650000000001]","(-0.025, 2.5]",False
141,"(25.6, 33.2]",admin.,single,university.degree,no,no,yes,cellular,apr,wed,"(0.961, 4.9]","(28.8, 32.0]","(-0.005, 0.5]",nonexistent,"(-1.96, -1.48]","(92.97080000000001, 93.2274]","(-48.41, -46.019999999999996]","(1.0751, 1.5162]","(5095.85, 5122.3]","(-0.025, 2.5]",False
145,"(25.6, 33.2]",admin.,married,university.degree,no,yes,no,telephone,may,thu,"(0.961, 4.9]","(28.8, 32.0]","(-0.005, 0.5]",nonexistent,"(0.9200000000000004, 1.4]","(93.74060000000001, 93.9972]","(-36.46, -34.07]","(4.603899999999999, 5.045]","(5175.200000000001, 5201.650000000001]","(-0.025, 2.5]",False
150,"(33.2, 40.8]",admin.,single,Basic,no,no,no,cellular,apr,mon,"(4.9, 8.8]","(28.8, 32.0]","(-0.005, 0.5]",nonexistent,"(-1.96, -1.48]","(92.97080000000001, 93.2274]","(-48.41, -46.019999999999996]","(1.0751, 1.5162]","(5095.85, 5122.3]","(-0.025, 2.5]",False
152,"(33.2, 40.8]",admin.,single,university.degree,no,no,no,cellular,aug,wed,"(0.961, 4.9]","(28.8, 32.0]","(-0.005, 0.5]",nonexistent,"(0.9200000000000004, 1.4]","(93.2274, 93.48400000000001]","(-36.46, -34.07]","(4.603899999999999, 5.045]","(5201.650000000001, 5228.1]","(-0.025, 2.5]",False
154,"(25.6, 33.2]",services,single,high.school,no,yes,no,telephone,may,thu,"(0.961, 4.9]","(28.8, 32.0]","(-0.005, 0.5]",nonexistent,"(0.9200000000000004, 1.4]","(93.74060000000001, 93.9972]","(-36.46, -34.07]","(4.603899999999999, 5.045]","(5175.200000000001, 5201.650000000001]","(-0.025, 2.5]",False
156,"(33.2, 40.8]",management,single,university.degree,no,no,no,telephone,may,fri,"(0.961, 4.9]","(28.8, 32.0]","(-0.005, 0.5]",nonexistent,"(0.9200000000000004, 1.4]","(93.74060000000001, 93.9972]","(-36.46, -34.07]","(4.603899999999999, 5.045]","(5175.200000000001, 5201.650000000001]","(-0.025, 2.5]",False
157,"(33.2, 40.8]",admin.,single,university.degree,no,no,no,telephone,jun,thu,"(0.961, 4.9]","(28.8, 32.0]","(-0.005, 0.5]",nonexistent,"(0.9200000000000004, 1.4]","(94.25380000000001, 94.5104]","(-43.629999999999995, -41.239999999999995]","(4.603899999999999, 5.045]","(5201.650000000001, 5228.1]","(-0.025, 2.5]",False
158,"(40.8, 48.4]",blue-collar,married,Basic,no,yes,no,cellular,may,wed,"(0.961, 4.9]","(28.8, 32.0]","(0.5, 1.0]",failure,"(-1.96, -1.48]","(92.7142, 92.97080000000001]","(-48.41, -46.019999999999996]","(1.0751, 1.5162]","(5095.85, 5122.3]","(-0.025, 2.5]",False
159,"(25.6, 33.2]",services,single,high.school,no,no,no,cellular,jul,thu,"(0.961, 4.9]","(28.8, 32.0]","(-0.005, 0.5]",nonexistent,"(0.9200000000000004, 1.4]","(93.74060000000001, 93.9972]","(-43.629999999999995, -41.239999999999995]","(4.603899999999999, 5.045]","(5201.650000000001, 5228.1]","(-0.025, 2.5]",False
162,"(25.6, 33.2]",blue-collar,married,Basic,no,yes,no,cellular,may,wed,"(0.961, 4.9]","(28.8, 32.0]","(-0.005, 0.5]",nonexistent,"(-1.96, -1.48]","(92.7142, 92.97080000000001]","(-48.41, -46.019999999999996]","(1.0751, 1.5162]","(5095.85, 5122.3]","(-0.025, 2.5]",False
164,"(25.6, 33.2]",services,single,high.school,no,yes,no,cellular,jul,wed,"(0.961, 4.9]","(28.8, 32.0]","(-0.005, 0.5]",nonexistent,"(0.9200000000000004, 1.4]","(93.74060000000001, 93.9972]","(-43.629999999999995, -41.239999999999995]","(4.603899999999999, 5.045]","(5201.650000000001, 5228.1]","(-0.025, 2.5]",False
165,"(48.4, 56.0]",housemaid,married,Basic,no,no,no,cellular,jul,wed,"(0.961, 4.9]","(28.8, 32.0]","(-0.005, 0.5]",nonexistent,"(0.9200000000000004, 1.4]","(93.74060000000001, 93.9972]","(-43.629999999999995, -41.239999999999995]","(4.603899999999999, 5.045]","(5201.650000000001, 5228.1]","(-0.025, 2.5]",False
168,"(17.924, 25.6]",technician,single,professional.course,no,no,no,cellular,jun,tue,"(0.961, 4.9]","(28.8, 32.0]","(0.5, 1.0]",failure,"(-2.92, -2.44]","(92.7142, 92.97080000000001]","(-41.239999999999995, -38.849999999999994]","(1.0751, 1.5162]","(5069.400000000001, 5095.85]","(2.5, 5.0]",False
169,"(33.2, 40.8]",admin.,married,high.school,no,yes,no,cellular,jul,tue,"(0.961, 4.9]","(28.8, 32.0]","(-0.005, 0.5]",nonexistent,"(0.9200000000000004, 1.4]","(93.74060000000001, 93.9972]","(-43.629999999999995, -41.239999999999995]","(4.603899999999999, 5.045]","(5201.650000000001, 5228.1]","(-0.025, 2.5]",False
170,"(33.2, 40.8]",services,married,high.school,no,no,no,cellular,may,tue,"(4.9, 8.8]","(28.8, 32.0]","(1.5, 2.0]",failure,"(-1.96, -1.48]","(92.7142, 92.97080000000001]","(-48.41, -46.019999999999996]","(1.0751, 1.5162]","(5095.85, 5122.3]","(-0.025, 2.5]",False
174,"(40.8, 48.4]",blue-collar,married,Basic,no,yes,no,cellular,may,tue,"(0.961, 4.9]","(28.8, 32.0]","(1.5, 2.0]",failure,"(-1.96, -1.48]","(92.7142, 92.97080000000001]","(-48.41, -46.019999999999996]","(1.0751, 1.5162]","(5095.85, 5122.3]","(2.5, 5.0]",False
176,"(40.8, 48.4]",admin.,divorced,university.degree,no,yes,yes,telephone,may,tue,"(0.961, 4.9]","(28.8, 32.0]","(-0.005, 0.5]",nonexistent,"(0.9200000000000004, 1.4]","(93.74060000000001, 93.9972]","(-36.46, -34.07]","(4.603899999999999, 5.045]","(5175.200000000001, 5201.650000000001]","(-0.025, 2.5]",False
186,"(40.8, 48.4]",technician,married,university.degree,no,no,no,cellular,aug,thu,"(0.961, 4.9]","(28.8, 32.0]","(-0.005, 0.5]",nonexistent,"(0.9200000000000004, 1.4]","(93.2274, 93.48400000000001]","(-36.46, -34.07]","(4.603899999999999, 5.045]","(5201.650000000001, 5228.1]","(-0.025, 2.5]",False
190,"(25.6, 33.2]",admin.,single,high.school,no,yes,no,cellular,mar,tue,"(0.961, 4.9]","(28.8, 32.0]","(-0.005, 0.5]",nonexistent,"(-1.96, -1.48]","(92.7142, 92.97080000000001]","(-50.823899999999995, -48.41]","(1.5162, 1.9572999999999996]","(5095.85, 5122.3]","(-0.025, 2.5]",False
196,"(17.924, 25.6]",technician,married,professional.course,no,yes,no,telephone,jun,wed,"(0.961, 4.9]","(28.8, 32.0]","(-0.005, 0.5]",nonexistent,"(0.9200000000000004, 1.4]","(94.25380000000001, 94.5104]","(-43.629999999999995, -41.239999999999995]","(4.603899999999999, 5.045]","(5201.650000000001, 5228.1]","(-0.025, 2.5]",False
201,"(25.6, 33.2]",management,divorced,Basic,no,yes,no,cellular,jul,tue,"(4.9, 8.8]","(28.8, 32.0]","(-0.005, 0.5]",nonexistent,"(0.9200000000000004, 1.4]","(93.74060000000001, 93.9972]","(-43.629999999999995, -41.239999999999995]","(4.603899999999999, 5.045]","(5201.650000000001, 5228.1]","(-0.025, 2.5]",False
202,"(40.8, 48.4]",technician,married,professional.course,no,no,yes,cellular,nov,mon,"(0.961, 4.9]","(28.8, 32.0]","(-0.005, 0.5]",nonexistent,"(-0.52, -0.040000000000000036]","(92.97080000000001, 93.2274]","(-43.629999999999995, -41.239999999999995]","(4.1628, 4.603899999999999]","(5175.200000000001, 5201.650000000001]","(-0.025, 2.5]",False
204,"(33.2, 40.8]",blue-collar,divorced,Basic,no,no,no,cellular,nov,fri,"(0.961, 4.9]","(28.8, 32.0]","(-0.005, 0.5]",nonexistent,"(-0.52, -0.040000000000000036]","(92.97080000000001, 93.2274]","(-43.629999999999995, -41.239999999999995]","(3.7216999999999993, 4.1628]","(5175.200000000001, 5201.650000000001]","(-0.025, 2.5]",False
206,"(25.6, 33.2]",technician,single,high.school,no,no,no,cellular,aug,mon,"(0.961, 4.9]","(28.8, 32.0]","(-0.005, 0.5]",nonexistent,"(0.9200000000000004, 1.4]","(93.2274, 93.48400000000001]","(-36.46, -34.07]","(4.603899999999999, 5.045]","(5201.650000000001, 5228.1]","(-0.025, 2.5]",False
209,"(33.2, 40.8]",services,married,high.school,no,yes,no,cellular,nov,tue,"(0.961, 4.9]","(28.8, 32.0]","(-0.005, 0.5]",nonexistent,"(-0.52, -0.040000000000000036]","(92.97080000000001, 93.2274]","(-43.629999999999995, -41.239999999999995]","(3.7216999999999993, 4.1628]","(5175.200000000001, 5201.650000000001]","(-0.025, 2.5]",False
211,"(17.924, 25.6]",student,single,high.school,no,no,no,cellular,apr,thu,"(0.961, 4.9]","(28.8, 32.0]","(-0.005, 0.5]",nonexistent,"(-1.96, -1.48]","(92.97080000000001, 93.2274]","(-48.41, -46.019999999999996]","(1.0751, 1.5162]","(5095.85, 5122.3]","(-0.025, 2.5]",False
216,"(33.2, 40.8]",management,married,university.degree,no,yes,no,telephone,may,fri,"(0.961, 4.9]","(28.8, 32.0]","(-0.005, 0.5]",nonexistent,"(0.9200000000000004, 1.4]","(93.74060000000001, 93.9972]","(-36.46, -34.07]","(4.603899999999999, 5.045]","(5175.200000000001, 5201.650000000001]","(-0.025, 2.5]",False
218,"(48.4, 56.0]",housemaid,married,Basic,no,yes,no,cellular,may,mon,"(0.961, 4.9]","(28.8, 32.0]","(0.5, 1.0]",failure,"(-1.96, -1.48]","(92.7142, 92.97080000000001]","(-48.41, -46.019999999999996]","(1.0751, 1.5162]","(5095.85, 5122.3]","(-0.025, 2.5]",False
219,"(25.6, 33.2]",admin.,divorced,high.school,no,no,yes,telephone,may,fri,"(0.961, 4.9]","(28.8, 32.0]","(-0.005, 0.5]",nonexistent,"(0.9200000000000004, 1.4]","(93.74060000000001, 93.9972]","(-36.46, -34.07]","(4.603899999999999, 5.045]","(5175.200000000001, 5201.650000000001]","(-0.025, 2.5]",False
223,"(48.4, 56.0]",admin.,married,high.school,no,yes,no,cellular,aug,mon,"(0.961, 4.9]","(28.8, 32.0]","(-0.005, 0.5]",nonexistent,"(0.9200000000000004, 1.4]","(93.2274, 93.48400000000001]","(-36.46, -34.07]","(4.603899999999999, 5.045]","(5201.650000000001, 5228.1]","(-0.025, 2.5]",False
224,"(33.2, 40.8]",admin.,single,university.degree,no,no,yes,cellular,apr,wed,"(0.961, 4.9]","(28.8, 32.0]","(-0.005, 0.5]",nonexistent,"(-1.96, -1.48]","(92.97080000000001, 93.2274]","(-48.41, -46.019999999999996]","(1.0751, 1.5162]","(5095.85, 5122.3]","(-0.025, 2.5]",False
228,"(40.8, 48.4]",technician,single,high.school,no,yes,no,telephone,jun,wed,"(0.961, 4.9]","(28.8, 32.0]","(-0.005, 0.5]",nonexistent,"(0.9200000000000004, 1.4]","(94.25380000000001, 94.5104]","(-43.629999999999995, -41.239999999999995]","(4.603899999999999, 5.045]","(5201.650000000001, 5228.1]","(-0.025, 2.5]",False
229,"(33.2, 40.8]",management,married,university.degree,no,yes,no,cellular,aug,wed,"(0.961, 4.9]","(28.8, 32.0]","(-0.005, 0.5]",nonexistent,"(0.9200000000000004, 1.4]","(93.2274, 93.48400000000001]","(-36.46, -34.07]","(4.603899999999999, 5.045]","(5201.650000000001, 5228.1]","(-0.025, 2.5]",False
230,"(25.6, 33.2]",technician,divorced,professional.course,no,yes,no,telephone,may,thu,"(0.961, 4.9]","(28.8, 32.0]","(-0.005, 0.5]",nonexistent,"(0.9200000000000004, 1.4]","(93.74060000000001, 93.9972]","(-36.46, -34.07]","(4.603899999999999, 5.045]","(5175.200000000001, 5201.650000000001]","(-0.025, 2.5]",False
236,"(40.8, 48.4]",blue-collar,married,Basic,no,no,yes,cellular,may,tue,"(0.961, 4.9]","(28.8, 32.0]","(-0.005, 0.5]",nonexistent,"(-1.96, -1.48]","(92.7142, 92.97080000000001]","(-48.41, -46.019999999999996]","(1.0751, 1.5162]","(5095.85, 5122.3]","(-0.025, 2.5]",False
237,"(33.2, 40.8]",technician,married,professional.course,no,yes,no,cellular,aug,mon,"(0.961, 4.9]","(28.8, 32.0]","(-0.005, 0.5]",nonexistent,"(0.9200000000000004, 1.4]","(93.2274, 93.48400000000001]","(-36.46, -34.07]","(4.603899999999999, 5.045]","(5201.650000000001, 5228.1]","(-0.025, 2.5]",False
238,"(40.8, 48.4]",services,divorced,high.school,no,yes,yes,cellular,apr,mon,"(0.961, 4.9]","(28.8, 32.0]","(-0.005, 0.5]",nonexistent,"(-1.96, -1.48]","(92.97080000000001, 93.2274]","(-48.41, -46.019999999999996]","(1.0751, 1.5162]","(5095.85, 5122.3]","(-0.025, 2.5]",False
240,"(17.924, 25.6]",student,single,high.school,no,yes,no,cellular,may,wed,"(0.961, 4.9]","(28.8, 32.0]","(-0.005, 0.5]",nonexistent,"(-1.96, -1.48]","(92.7142, 92.97080000000001]","(-48.41, -46.019999999999996]","(1.0751, 1.5162]","(5095.85, 5122.3]","(-0.025, 2.5]",False
242,"(48.4, 56.0]",management,married,university.degree,no,yes,no,cellular,apr,thu,"(0.961, 4.9]","(28.8, 32.0]","(-0.005, 0.5]",nonexistent,"(-1.96, -1.48]","(92.97080000000001, 93.2274]","(-48.41, -46.019999999999996]","(1.0751, 1.5162]","(5095.85, 5122.3]","(-0.025, 2.5]",False
243,"(25.6, 33.2]",unemployed,married,university.degree,no,no,no,cellular,aug,wed,"(0.961, 4.9]","(28.8, 32.0]","(-0.005, 0.5]",nonexistent,"(0.9200000000000004, 1.4]","(93.2274, 93.48400000000001]","(-36.46, -34.07]","(4.603899999999999, 5.045]","(5201.650000000001, 5228.1]","(-0.025, 2.5]",False
244,"(25.6, 33.2]",blue-collar,single,professional.course,no,yes,no,telephone,may,mon,"(4.9, 8.8]","(28.8, 32.0]","(-0.005, 0.5]",nonexistent,"(0.9200000000000004, 1.4]","(93.74060000000001, 93.9972]","(-36.46, -34.07]","(4.603899999999999, 5.045]","(5175.200000000001, 5201.650000000001]","(-0.025, 2.5]",False
245,"(56.0, 63.599999999999994]",self-employed,married,Basic,no,no,no,cellular,aug,tue,"(0.961, 4.9]","(28.8, 32.0]","(-0.005, 0.5]",nonexistent,"(0.9200000000000004, 1.4]","(93.2274, 93.48400000000001]","(-36.46, -34.07]","(4.603899999999999, 5.045]","(5201.650000000001, 5228.1]","(-0.025, 2.5]",False
246,"(56.0, 63.599999999999994]",management,divorced,university.degree,no,yes,no,telephone,may,thu,"(0.961, 4.9]","(28.8, 32.0]","(-0.005, 0.5]",nonexistent,"(0.9200000000000004, 1.4]","(93.74060000000001, 93.9972]","(-36.46, -34.07]","(4.603899999999999, 5.045]","(5175.200000000001, 5201.650000000001]","(-0.025, 2.5]",False
248,"(25.6, 33.2]",admin.,divorced,high.school,no,yes,yes,telephone,jun,tue,"(0.961, 4.9]","(28.8, 32.0]","(-0.005, 0.5]",nonexistent,"(0.9200000000000004, 1.4]","(94.25380000000001, 94.5104]","(-43.629999999999995, -41.239999999999995]","(4.603899999999999, 5.045]","(5201.650000000001, 5228.1]","(-0.025, 2.5]",False
250,"(48.4, 56.0]",retired,married,professional.course,no,no,no,telephone,may,mon,"(0.961, 4.9]","(28.8, 32.0]","(-0.005, 0.5]",nonexistent,"(0.9200000000000004, 1.4]","(93.74060000000001, 93.9972]","(-36.46, -34.07]","(4.603899999999999, 5.045]","(5175.200000000001, 5201.650000000001]","(-0.025, 2.5]",False
254,"(25.6, 33.2]",services,married,high.school,no,no,no,cellular,may,tue,"(0.961, 4.9]","(28.8, 32.0]","(-0.005, 0.5]",nonexistent,"(-1.96, -1.48]","(92.7142, 92.97080000000001]","(-48.41, -46.019999999999996]","(1.0751, 1.5162]","(5095.85, 5122.3]","(-0.025, 2.5]",False
255,"(25.6, 33.2]",entrepreneur,single,university.degree,no,yes,no,cellular,nov,tue,"(0.961, 4.9]","(28.8, 32.0]","(-0.005, 0.5]",nonexistent,"(-0.52, -0.040000000000000036]","(92.97080000000001, 93.2274]","(-43.629999999999995, -41.239999999999995]","(3.7216999999999993, 4.1628]","(5175.200000000001, 5201.650000000001]","(-0.025, 2.5]",False
257,"(40.8, 48.4]",admin.,single,university.degree,no,no,no,cellular,jul,mon,"(0.961, 4.9]","(28.8, 32.0]","(-0.005, 0.5]",nonexistent,"(0.9200000000000004, 1.4]","(93.74060000000001, 93.9972]","(-43.629999999999995, -41.239999999999995]","(4.603899999999999, 5.045]","(5201.650000000001, 5228.1]","(-0.025, 2.5]",False
260,"(40.8, 48.4]",technician,married,university.degree,no,no,yes,cellular,nov,thu,"(4.9, 8.8]","(28.8, 32.0]","(-0.005, 0.5]",nonexistent,"(-0.52, -0.040000000000000036]","(92.97080000000001, 93.2274]","(-43.629999999999995, -41.239999999999995]","(3.7216999999999993, 4.1628]","(5175.200000000001, 5201.650000000001]","(-0.025, 2.5]",False
263,"(56.0, 63.599999999999994]",technician,divorced,university.degree,no,no,no,cellular,may,thu,"(0.961, 4.9]","(28.8, 32.0]","(0.5, 1.0]",failure,"(-1.96, -1.48]","(92.7142, 92.97080000000001]","(-48.41, -46.019999999999996]","(1.0751, 1.5162]","(5095.85, 5122.3]","(-0.025, 2.5]",False
270,"(40.8, 48.4]",technician,married,professional.course,no,no,no,cellular,aug,mon,"(4.9, 8.8]","(28.8, 32.0]","(-0.005, 0.5]",nonexistent,"(0.9200000000000004, 1.4]","(93.2274, 93.48400000000001]","(-36.46, -34.07]","(4.603899999999999, 5.045]","(5201.650000000001, 5228.1]","(-0.025, 2.5]",False
272,"(40.8, 48.4]",blue-collar,married,Basic,no,yes,no,cellular,jul,mon,"(0.961, 4.9]","(28.8, 32.0]","(-0.005, 0.5]",nonexistent,"(0.9200000000000004, 1.4]","(93.74060000000001, 93.9972]","(-43.629999999999995, -41.239999999999995]","(4.603899999999999, 5.045]","(5201.650000000001, 5228.1]","(-0.025, 2.5]",False
274,"(40.8, 48.4]",entrepreneur,married,Basic,no,yes,no,cellular,nov,tue,"(0.961, 4.9]","(28.8, 32.0]","(0.5, 1.0]",failure,"(-0.52, -0.040000000000000036]","(92.97080000000001, 93.2274]","(-43.629999999999995, -41.239999999999995]","(3.7216999999999993, 4.1628]","(5175.200000000001, 5201.650000000001]","(-0.025, 2.5]",False
275,"(33.2, 40.8]",services,married,high.school,no,yes,yes,telephone,jun,thu,"(4.9, 8.8]","(28.8, 32.0]","(-0.005, 0.5]",nonexistent,"(0.9200000000000004, 1.4]","(94.25380000000001, 94.5104]","(-43.629999999999995, -41.239999999999995]","(4.603899999999999, 5.045]","(5201.650000000001, 5228.1]","(-0.025, 2.5]",False
276,"(48.4, 56.0]",blue-collar,married,Basic,no,yes,no,telephone,may,thu,"(0.961, 4.9]","(28.8, 32.0]","(-0.005, 0.5]",nonexistent,"(0.9200000000000004, 1.4]","(93.74060000000001, 93.9972]","(-36.46, -34.07]","(4.603899999999999, 5.045]","(5175.200000000001, 5201.650000000001]","(-0.025, 2.5]",False
278,"(25.6, 33.2]",admin.,married,university.degree,no,no,no,cellular,aug,thu,"(4.9, 8.8]","(28.8, 32.0]","(-0.005, 0.5]",nonexistent,"(-2.92, -2.44]","(92.198434, 92.45760000000001]","(-31.68, -29.29]","(0.629589, 1.0751]","(5069.400000000001, 5095.85]","(-0.025, 2.5]",False
284,"(33.2, 40.8]",admin.,married,high.school,no,yes,no,cellular,aug,thu,"(0.961, 4.9]","(28.8, 32.0]","(-0.005, 0.5]",nonexistent,"(0.9200000000000004, 1.4]","(93.2274, 93.48400000000001]","(-36.46, -34.07]","(4.603899999999999, 5.045]","(5201.650000000001, 5228.1]","(-0.025, 2.5]",False
285,"(33.2, 40.8]",admin.,married,Basic,no,yes,yes,cellular,jul,thu,"(4.9, 8.8]","(28.8, 32.0]","(-0.005, 0.5]",nonexistent,"(0.9200000000000004, 1.4]","(93.74060000000001, 93.9972]","(-43.629999999999995, -41.239999999999995]","(4.603899999999999, 5.045]","(5201.650000000001, 5228.1]","(-0.025, 2.5]",False
287,"(25.6, 33.2]",admin.,single,university.degree,no,yes,no,cellular,jun,mon,"(0.961, 4.9]","(28.8, 32.0]","(-0.005, 0.5]",nonexistent,"(-2.92, -2.44]","(92.7142, 92.97080000000001]","(-41.239999999999995, -38.849999999999994]","(1.0751, 1.5162]","(5069.400000000001, 5095.85]","(-0.025, 2.5]",False
288,"(25.6, 33.2]",blue-collar,married,Basic,no,no,no,cellular,may,thu,"(0.961, 4.9]","(28.8, 32.0]","(-0.005, 0.5]",nonexistent,"(-1.96, -1.48]","(92.7142, 92.97080000000001]","(-48.41, -46.019999999999996]","(1.0751, 1.5162]","(5095.85, 5122.3]","(-0.025, 2.5]",False
289,"(25.6, 33.2]",admin.,married,university.degree,no,no,no,cellular,aug,mon,"(8.8, 12.7]","(28.8, 32.0]","(-0.005, 0.5]",nonexistent,"(0.9200000000000004, 1.4]","(93.2274, 93.48400000000001]","(-36.46, -34.07]","(4.603899999999999, 5.045]","(5201.650000000001, 5228.1]","(-0.025, 2.5]",False
294,"(25.6, 33.2]",admin.,single,university.degree,no,yes,no,cellular,apr,thu,"(0.961, 4.9]","(28.8, 32.0]","(-0.005, 0.5]",nonexistent,"(-1.96, -1.48]","(92.97080000000001, 93.2274]","(-48.41, -46.019999999999996]","(1.0751, 1.5162]","(5095.85, 5122.3]","(-0.025, 2.5]",False
301,"(25.6, 33.2]",admin.,married,university.degree,no,no,no,cellular,may,wed,"(0.961, 4.9]","(28.8, 32.0]","(-0.005, 0.5]",nonexistent,"(-1.96, -1.48]","(92.7142, 92.97080000000001]","(-48.41, -46.019999999999996]","(1.0751, 1.5162]","(5095.85, 5122.3]","(-0.025, 2.5]",False
313,"(25.6, 33.2]",housemaid,married,professional.course,no,yes,no,cellular,aug,mon,"(0.961, 4.9]","(28.8, 32.0]","(-0.005, 0.5]",nonexistent,"(0.9200000000000004, 1.4]","(93.2274, 93.48400000000001]","(-36.46, -34.07]","(4.603899999999999, 5.045]","(5201.650000000001, 5228.1]","(-0.025, 2.5]",False
324,"(33.2, 40.8]",technician,married,professional.course,no,no,no,cellular,aug,mon,"(4.9, 8.8]","(28.8, 32.0]","(-0.005, 0.5]",nonexistent,"(0.9200000000000004, 1.4]","(93.2274, 93.48400000000001]","(-36.46, -34.07]","(4.603899999999999, 5.045]","(5201.650000000001, 5228.1]","(-0.025, 2.5]",False
331,"(40.8, 48.4]",technician,married,high.school,no,yes,no,cellular,sep,thu,"(0.961, 4.9]","(28.8, 32.0]","(-0.005, 0.5]",nonexistent,"(-3.4048, -2.92]","(92.198434, 92.45760000000001]","(-31.68, -29.29]","(0.629589, 1.0751]","(5016.5, 5042.950000000001]","(-0.025, 2.5]",False
333,"(40.8, 48.4]",blue-collar,married,Basic,no,yes,no,telephone,sep,thu,"(0.961, 4.9]","(28.8, 32.0]","(-0.005, 0.5]",nonexistent,"(-1.48, -1.0]","(93.9972, 94.25380000000001]","(-38.849999999999994, -36.46]","(0.629589, 1.0751]","(4963.3355, 4990.05]","(-0.025, 2.5]",False
335,"(25.6, 33.2]",blue-collar,married,Basic,no,yes,yes,telephone,jun,wed,"(0.961, 4.9]","(28.8, 32.0]","(-0.005, 0.5]",nonexistent,"(0.9200000000000004, 1.4]","(94.25380000000001, 94.5104]","(-43.629999999999995, -41.239999999999995]","(4.603899999999999, 5.045]","(5201.650000000001, 5228.1]","(-0.025, 2.5]",False
341,"(40.8, 48.4]",admin.,married,high.school,no,no,no,cellular,apr,fri,"(0.961, 4.9]","(28.8, 32.0]","(-0.005, 0.5]",nonexistent,"(-1.96, -1.48]","(92.97080000000001, 93.2274]","(-48.41, -46.019999999999996]","(1.0751, 1.5162]","(5095.85, 5122.3]","(-0.025, 2.5]",False
351,"(25.6, 33.2]",services,single,high.school,no,yes,no,cellular,jul,wed,"(0.961, 4.9]","(28.8, 32.0]","(-0.005, 0.5]",nonexistent,"(0.9200000000000004, 1.4]","(93.74060000000001, 93.9972]","(-43.629999999999995, -41.239999999999995]","(4.603899999999999, 5.045]","(5201.650000000001, 5228.1]","(-0.025, 2.5]",False
352,"(25.6, 33.2]",technician,single,professional.course,no,no,no,telephone,oct,mon,"(0.961, 4.9]","(12.8, 16.0]","(0.5, 1.0]",success,"(-1.48, -1.0]","(94.5104, 94.76700000000001]","(-50.823899999999995, -48.41]","(0.629589, 1.0751]","(4963.3355, 4990.05]","(-0.025, 2.5]",True
353,"(40.8, 48.4]",admin.,married,professional.course,no,yes,no,cellular,apr,mon,"(0.961, 4.9]","(6.4, 9.600000000000001]","(0.5, 1.0]",success,"(-1.96, -1.48]","(93.74060000000001, 93.9972]","(-36.46, -34.07]","(0.629589, 1.0751]","(4990.05, 5016.5]","(-0.025, 2.5]",True
355,"(33.2, 40.8]",blue-collar,divorced,Basic,no,yes,no,telephone,jun,wed,"(4.9, 8.8]","(28.8, 32.0]","(-0.005, 0.5]",nonexistent,"(0.9200000000000004, 1.4]","(94.25380000000001, 94.5104]","(-43.629999999999995, -41.239999999999995]","(4.603899999999999, 5.045]","(5201.650000000001, 5228.1]","(-0.025, 2.5]",False
356,"(25.6, 33.2]",services,single,high.school,no,no,no,telephone,jun,wed,"(0.961, 4.9]","(28.8, 32.0]","(-0.005, 0.5]",nonexistent,"(0.9200000000000004, 1.4]","(94.25380000000001, 94.5104]","(-43.629999999999995, -41.239999999999995]","(4.603899999999999, 5.045]","(5201.650000000001, 5228.1]","(-0.025, 2.5]",False
363,"(25.6, 33.2]",blue-collar,married,Basic,no,yes,no,telephone,may,fri,"(0.961, 4.9]","(28.8, 32.0]","(-0.005, 0.5]",nonexistent,"(-1.96, -1.48]","(92.7142, 92.97080000000001]","(-48.41, -46.019999999999996]","(1.0751, 1.5162]","(5095.85, 5122.3]","(-0.025, 2.5]",False
364,"(40.8, 48.4]",blue-collar,married,Basic,no,no,no,telephone,may,wed,"(0.961, 4.9]","(28.8, 32.0]","(-0.005, 0.5]",nonexistent,"(0.9200000000000004, 1.4]","(93.74060000000001, 93.9972]","(-36.46, -34.07]","(4.603899999999999, 5.045]","(5175.200000000001, 5201.650000000001]","(-0.025, 2.5]",False
368,"(25.6, 33.2]",blue-collar,married,Basic,no,no,no,cellular,jul,tue,"(0.961, 4.9]","(28.8, 32.0]","(-0.005, 0.5]",nonexistent,"(0.9200000000000004, 1.4]","(93.74060000000001, 93.9972]","(-43.629999999999995, -41.239999999999995]","(4.603899999999999, 5.045]","(5201.650000000001, 5228.1]","(-0.025, 2.5]",False
371,"(33.2, 40.8]",management,single,university.degree,no,yes,yes,cellular,nov,wed,"(0.961, 4.9]","(28.8, 32.0]","(0.5, 1.0]",failure,"(-0.52, -0.040000000000000036]","(92.97080000000001, 93.2274]","(-43.629999999999995, -41.239999999999995]","(3.7216999999999993, 4.1628]","(5175.200000000001, 5201.650000000001]","(-0.025, 2.5]",False
373,"(56.0, 63.599999999999994]",management,single,university.degree,no,yes,no,cellular,may,fri,"(0.961, 4.9]","(28.8, 32.0]","(-0.005, 0.5]",nonexistent,"(-1.96, -1.48]","(92.7142, 92.97080000000001]","(-48.41, -46.019999999999996]","(1.0751, 1.5162]","(5095.85, 5122.3]","(-0.025, 2.5]",False
375,"(33.2, 40.8]",management,married,university.degree,no,no,no,cellular,aug,wed,"(4.9, 8.8]","(28.8, 32.0]","(-0.005, 0.5]",nonexistent,"(0.9200000000000004, 1.4]","(93.2274, 93.48400000000001]","(-36.46, -34.07]","(4.603899999999999, 5.045]","(5201.650000000001, 5228.1]","(-0.025, 2.5]",False
377,"(63.599999999999994, 71.19999999999999]",unemployed,single,Basic,no,yes,no,cellular,apr,thu,"(8.8, 12.7]","(28.8, 32.0]","(-0.005, 0.5]",nonexistent,"(-1.96, -1.48]","(92.97080000000001, 93.2274]","(-48.41, -46.019999999999996]","(1.0751, 1.5162]","(5095.85, 5122.3]","(-0.025, 2.5]",False
389,"(25.6, 33.2]",admin.,married,university.degree,no,no,no,telephone,jul,thu,"(0.961, 4.9]","(28.8, 32.0]","(-0.005, 0.5]",nonexistent,"(0.9200000000000004, 1.4]","(93.74060000000001, 93.9972]","(-43.629999999999995, -41.239999999999995]","(4.603899999999999, 5.045]","(5201.650000000001, 5228.1]","(-0.025, 2.5]",False
393,"(33.2, 40.8]",technician,married,university.degree,no,yes,yes,cellular,aug,fri,"(4.9, 8.8]","(28.8, 32.0]","(-0.005, 0.5]",nonexistent,"(0.9200000000000004, 1.4]","(93.2274, 93.48400000000001]","(-36.46, -34.07]","(4.603899999999999, 5.045]","(5201.650000000001, 5228.1]","(-0.025, 2.5]",False
397,"(48.4, 56.0]",self-employed,married,university.degree,no,yes,yes,telephone,aug,thu,"(0.961, 4.9]","(28.8, 32.0]","(-0.005, 0.5]",nonexistent,"(0.9200000000000004, 1.4]","(93.2274, 93.48400000000001]","(-36.46, -34.07]","(4.603899999999999, 5.045]","(5201.650000000001, 5228.1]","(-0.025, 2.5]",False
399,"(17.924, 25.6]",admin.,single,high.school,no,yes,no,cellular,may,fri,"(0.961, 4.9]","(28.8, 32.0]","(0.5, 1.0]",failure,"(-1.96, -1.48]","(92.7142, 92.97080000000001]","(-48.41, -46.019999999999996]","(1.0751, 1.5162]","(5095.85, 5122.3]","(-0.025, 2.5]",False
402,"(25.6, 33.2]",technician,single,Basic,no,yes,no,cellular,jul,thu,"(0.961, 4.9]","(28.8, 32.0]","(-0.005, 0.5]",nonexistent,"(0.9200000000000004, 1.4]","(93.74060000000001, 93.9972]","(-43.629999999999995, -41.239999999999995]","(4.603899999999999, 5.045]","(5201.650000000001, 5228.1]","(-0.025, 2.5]",False
403,"(25.6, 33.2]",technician,married,professional.course,no,yes,no,cellular,apr,wed,"(0.961, 4.9]","(28.8, 32.0]","(-0.005, 0.5]",nonexistent,"(-1.96, -1.48]","(92.97080000000001, 93.2274]","(-48.41, -46.019999999999996]","(1.0751, 1.5162]","(5095.85, 5122.3]","(-0.025, 2.5]",False
408,"(25.6, 33.2]",admin.,single,professional.course,no,no,no,telephone,jun,thu,"(0.961, 4.9]","(28.8, 32.0]","(-0.005, 0.5]",nonexistent,"(0.9200000000000004, 1.4]","(94.25380000000001, 94.5104]","(-43.629999999999995, -41.239999999999995]","(4.603899999999999, 5.045]","(5201.650000000001, 5228.1]","(-0.025, 2.5]",False
411,"(25.6, 33.2]",technician,single,professional.course,no,yes,no,cellular,aug,wed,"(0.961, 4.9]","(28.8, 32.0]","(-0.005, 0.5]",nonexistent,"(0.9200000000000004, 1.4]","(93.2274, 93.48400000000001]","(-36.46, -34.07]","(4.603899999999999, 5.045]","(5201.650000000001, 5228.1]","(-0.025, 2.5]",False
414,"(33.2, 40.8]",services,married,high.school,no,yes,yes,cellular,may,tue,"(0.961, 4.9]","(28.8, 32.0]","(-0.005, 0.5]",nonexistent,"(-1.96, -1.48]","(92.7142, 92.97080000000001]","(-48.41, -46.019999999999996]","(1.0751, 1.5162]","(5095.85, 5122.3]","(-0.025, 2.5]",False
415,"(40.8, 48.4]",blue-collar,married,Basic,no,no,no,cellular,may,tue,"(0.961, 4.9]","(28.8, 32.0]","(-0.005, 0.5]",nonexistent,"(-1.96, -1.48]","(92.7142, 92.97080000000001]","(-48.41, -46.019999999999996]","(1.0751, 1.5162]","(5095.85, 5122.3]","(-0.025, 2.5]",False
419,"(25.6, 33.2]",unemployed,married,high.school,no,no,no,telephone,mar,fri,"(0.961, 4.9]","(3.2, 6.4]","(0.5, 1.0]",success,"(-1.96, -1.48]","(93.2274, 93.48400000000001]","(-36.46, -34.07]","(0.629589, 1.0751]","(4990.05, 5016.5]","(-0.025, 2.5]",True
421,"(33.2, 40.8]",blue-collar,single,high.school,no,yes,no,cellular,may,mon,"(4.9, 8.8]","(28.8, 32.0]","(-0.005, 0.5]",nonexistent,"(-1.96, -1.48]","(92.7142, 92.97080000000001]","(-48.41, -46.019999999999996]","(1.0751, 1.5162]","(5095.85, 5122.3]","(-0.025, 2.5]",False
429,"(25.6, 33.2]",admin.,single,high.school,no,yes,no,cellular,may,wed,"(0.961, 4.9]","(28.8, 32.0]","(0.5, 1.0]",failure,"(-1.96, -1.48]","(92.7142, 92.97080000000001]","(-48.41, -46.019999999999996]","(1.0751, 1.5162]","(5095.85, 5122.3]","(-0.025, 2.5]",False
430,"(33.2, 40.8]",blue-collar,married,high.school,no,no,no,telephone,jun,fri,"(0.961, 4.9]","(28.8, 32.0]","(-0.005, 0.5]",nonexistent,"(0.9200000000000004, 1.4]","(94.25380000000001, 94.5104]","(-43.629999999999995, -41.239999999999995]","(4.603899999999999, 5.045]","(5201.650000000001, 5228.1]","(-0.025, 2.5]",False
431,"(33.2, 40.8]",blue-collar,married,Basic,no,no,no,telephone,may,wed,"(0.961, 4.9]","(28.8, 32.0]","(-0.005, 0.5]",nonexistent,"(0.9200000000000004, 1.4]","(93.74060000000001, 93.9972]","(-36.46, -34.07]","(4.603899999999999, 5.045]","(5175.200000000001, 5201.650000000001]","(-0.025, 2.5]",False
432,"(25.6, 33.2]",technician,single,professional.course,no,yes,no,cellular,aug,tue,"(0.961, 4.9]","(28.8, 32.0]","(-0.005, 0.5]",nonexistent,"(0.9200000000000004, 1.4]","(93.2274, 93.48400000000001]","(-36.46, -34.07]","(4.603899999999999, 5.045]","(5201.650000000001, 5228.1]","(-0.025, 2.5]",False
434,"(56.0, 63.599999999999994]",technician,divorced,professional.course,no,yes,no,cellular,nov,mon,"(0.961, 4.9]","(28.8, 32.0]","(-0.005, 0.5]",nonexistent,"(-0.52, -0.040000000000000036]","(92.97080000000001, 93.2274]","(-43.629999999999995, -41.239999999999995]","(4.1628, 4.603899999999999]","(5175.200000000001, 5201.650000000001]","(-0.025, 2.5]",False
436,"(40.8, 48.4]",technician,single,professional.course,no,yes,yes,telephone,may,tue,"(0.961, 4.9]","(28.8, 32.0]","(-0.005, 0.5]",nonexistent,"(0.9200000000000004, 1.4]","(93.74060000000001, 93.9972]","(-36.46, -34.07]","(4.603899999999999, 5.045]","(5175.200000000001, 5201.650000000001]","(-0.025, 2.5]",False
437,"(40.8, 48.4]",admin.,married,Basic,no,yes,no,cellular,apr,fri,"(0.961, 4.9]","(28.8, 32.0]","(1.5, 2.0]",failure,"(-1.96, -1.48]","(92.97080000000001, 93.2274]","(-48.41, -46.019999999999996]","(1.0751, 1.5162]","(5095.85, 5122.3]","(10.0, 12.5]",False
440,"(40.8, 48.4]",admin.,married,university.degree,no,no,no,cellular,jul,wed,"(4.9, 8.8]","(28.8, 32.0]","(-0.005, 0.5]",nonexistent,"(0.9200000000000004, 1.4]","(93.74060000000001, 93.9972]","(-43.629999999999995, -41.239999999999995]","(4.603899999999999, 5.045]","(5201.650000000001, 5228.1]","(-0.025, 2.5]",False
441,"(25.6, 33.2]",admin.,married,high.school,no,yes,no,cellular,may,wed,"(0.961, 4.9]","(28.8, 32.0]","(0.5, 1.0]",failure,"(-1.96, -1.48]","(92.7142, 92.97080000000001]","(-48.41, -46.019999999999996]","(1.0751, 1.5162]","(5095.85, 5122.3]","(-0.025, 2.5]",False
444,"(25.6, 33.2]",admin.,single,university.degree,no,yes,no,telephone,jul,thu,"(0.961, 4.9]","(28.8, 32.0]","(-0.005, 0.5]",nonexistent,"(0.9200000000000004, 1.4]","(93.74060000000001, 93.9972]","(-43.629999999999995, -41.239999999999995]","(4.603899999999999, 5.045]","(5201.650000000001, 5228.1]","(-0.025, 2.5]",False
448,"(25.6, 33.2]",self-employed,single,university.degree,no,no,no,cellular,apr,thu,"(0.961, 4.9]","(28.8, 32.0]","(-0.005, 0.5]",nonexistent,"(-1.96, -1.48]","(93.74060000000001, 93.9972]","(-36.46, -34.07]","(0.629589, 1.0751]","(4990.05, 5016.5]","(-0.025, 2.5]",False
451,"(40.8, 48.4]",blue-collar,married,Basic,no,yes,no,telephone,may,tue,"(0.961, 4.9]","(28.8, 32.0]","(-0.005, 0.5]",nonexistent,"(0.9200000000000004, 1.4]","(93.74060000000001, 93.9972]","(-36.46, -34.07]","(4.603899999999999, 5.045]","(5175.200000000001, 5201.650000000001]","(-0.025, 2.5]",False
455,"(48.4, 56.0]",retired,married,professional.course,no,no,no,cellular,jul,fri,"(0.961, 4.9]","(28.8, 32.0]","(-0.005, 0.5]",nonexistent,"(0.9200000000000004, 1.4]","(93.74060000000001, 93.9972]","(-43.629999999999995, -41.239999999999995]","(4.603899999999999, 5.045]","(5201.650000000001, 5228.1]","(-0.025, 2.5]",False
460,"(33.2, 40.8]",admin.,single,university.degree,no,no,no,cellular,nov,mon,"(0.961, 4.9]","(28.8, 32.0]","(-0.005, 0.5]",nonexistent,"(-0.52, -0.040000000000000036]","(92.97080000000001, 93.2274]","(-43.629999999999995, -41.239999999999995]","(4.1628, 4.603899999999999]","(5175.200000000001, 5201.650000000001]","(-0.025, 2.5]",False
461,"(40.8, 48.4]",services,divorced,Basic,no,no,no,cellular,jul,tue,"(0.961, 4.9]","(28.8, 32.0]","(-0.005, 0.5]",nonexistent,"(0.9200000000000004, 1.4]","(93.74060000000001, 93.9972]","(-43.629999999999995, -41.239999999999995]","(4.603899999999999, 5.045]","(5201.650000000001, 5228.1]","(-0.025, 2.5]",False
462,"(40.8, 48.4]",management,married,high.school,no,no,no,telephone,jun,wed,"(8.8, 12.7]","(28.8, 32.0]","(-0.005, 0.5]",nonexistent,"(0.9200000000000004, 1.4]","(94.25380000000001, 94.5104]","(-43.629999999999995, -41.239999999999995]","(4.603899999999999, 5.045]","(5201.650000000001, 5228.1]","(-0.025, 2.5]",False
464,"(25.6, 33.2]",unemployed,married,high.school,no,yes,no,cellular,jul,fri,"(4.9, 8.8]","(28.8, 32.0]","(-0.005, 0.5]",nonexistent,"(-1.96, -1.48]","(93.9972, 94.25380000000001]","(-41.239999999999995, -38.849999999999994]","(0.629589, 1.0751]","(4990.05, 5016.5]","(-0.025, 2.5]",False
465,"(25.6, 33.2]",admin.,single,high.school,no,no,no,cellular,apr,thu,"(0.961, 4.9]","(28.8, 32.0]","(0.5, 1.0]",failure,"(-1.96, -1.48]","(92.97080000000001, 93.2274]","(-48.41, -46.019999999999996]","(1.0751, 1.5162]","(5095.85, 5122.3]","(-0.025, 2.5]",False
466,"(25.6, 33.2]",technician,married,university.degree,no,yes,yes,cellular,aug,wed,"(0.961, 4.9]","(28.8, 32.0]","(-0.005, 0.5]",nonexistent,"(0.9200000000000004, 1.4]","(93.2274, 93.48400000000001]","(-36.46, -34.07]","(4.603899999999999, 5.045]","(5201.650000000001, 5228.1]","(-0.025, 2.5]",False
468,"(25.6, 33.2]",technician,married,professional.course,no,yes,no,telephone,may,thu,"(0.961, 4.9]","(28.8, 32.0]","(-0.005, 0.5]",nonexistent,"(0.9200000000000004, 1.4]","(93.74060000000001, 93.9972]","(-36.46, -34.07]","(4.603899999999999, 5.045]","(5175.200000000001, 5201.650000000001]","(-0.025, 2.5]",False
471,"(33.2, 40.8]",blue-collar,married,Basic,no,yes,no,cellular,may,tue,"(0.961, 4.9]","(28.8, 32.0]","(0.5, 1.0]",failure,"(-1.96, -1.48]","(92.7142, 92.97080000000001]","(-48.41, -46.019999999999996]","(1.0751, 1.5162]","(5095.85, 5122.3]","(2.5, 5.0]",False
473,"(25.6, 33.2]",services,married,high.school,no,yes,no,cellular,apr,thu,"(0.961, 4.9]","(28.8, 32.0]","(-0.005, 0.5]",nonexistent,"(-1.96, -1.48]","(92.97080000000001, 93.2274]","(-48.41, -46.019999999999996]","(1.0751, 1.5162]","(5095.85, 5122.3]","(-0.025, 2.5]",False
475,"(48.4, 56.0]",technician,married,professional.course,no,yes,yes,telephone,may,mon,"(0.961, 4.9]","(28.8, 32.0]","(-0.005, 0.5]",nonexistent,"(0.9200000000000004, 1.4]","(93.74060000000001, 93.9972]","(-36.46, -34.07]","(4.603899999999999, 5.045]","(5175.200000000001, 5201.650000000001]","(-0.025, 2.5]",False
477,"(33.2, 40.8]",admin.,divorced,university.degree,no,yes,no,cellular,apr,wed,"(0.961, 4.9]","(28.8, 32.0]","(-0.005, 0.5]",nonexistent,"(-1.96, -1.48]","(92.97080000000001, 93.2274]","(-48.41, -46.019999999999996]","(1.0751, 1.5162]","(5095.85, 5122.3]","(-0.025, 2.5]",False
478,"(25.6, 33.2]",admin.,married,university.degree,no,yes,no,cellular,apr,thu,"(0.961, 4.9]","(28.8, 32.0]","(-0.005, 0.5]",nonexistent,"(-1.96, -1.48]","(92.97080000000001, 93.2274]","(-48.41, -46.019999999999996]","(1.0751, 1.5162]","(5095.85, 5122.3]","(-0.025, 2.5]",False
482,"(33.2, 40.8]",technician,single,professional.course,no,yes,no,cellular,may,thu,"(0.961, 4.9]","(28.8, 32.0]","(0.5, 1.0]",failure,"(-1.96, -1.48]","(92.7142, 92.97080000000001]","(-48.41, -46.019999999999996]","(1.0751, 1.5162]","(5095.85, 5122.3]","(-0.025, 2.5]",False
483,"(25.6, 33.2]",blue-collar,married,Basic,no,yes,no,telephone,jun,wed,"(0.961, 4.9]","(28.8, 32.0]","(-0.005, 0.5]",nonexistent,"(0.9200000000000004, 1.4]","(94.25380000000001, 94.5104]","(-43.629999999999995, -41.239999999999995]","(4.603899999999999, 5.045]","(5201.650000000001, 5228.1]","(-0.025, 2.5]",False
485,"(48.4, 56.0]",blue-collar,married,Basic,no,no,no,cellular,aug,tue,"(0.961, 4.9]","(28.8, 32.0]","(-0.005, 0.5]",nonexistent,"(0.9200000000000004, 1.4]","(93.2274, 93.48400000000001]","(-36.46, -34.07]","(4.603899999999999, 5.045]","(5201.650000000001, 5228.1]","(-0.025, 2.5]",False
486,"(40.8, 48.4]",technician,divorced,university.degree,no,yes,no,cellular,nov,thu,"(0.961, 4.9]","(28.8, 32.0]","(0.5, 1.0]",failure,"(-0.52, -0.040000000000000036]","(92.97080000000001, 93.2274]","(-43.629999999999995, -41.239999999999995]","(3.7216999999999993, 4.1628]","(5175.200000000001, 5201.650000000001]","(2.5, 5.0]",False
491,"(25.6, 33.2]",admin.,married,professional.course,no,yes,no,cellular,may,fri,"(0.961, 4.9]","(28.8, 32.0]","(-0.005, 0.5]",nonexistent,"(-1.96, -1.48]","(92.7142, 92.97080000000001]","(-48.41, -46.019999999999996]","(1.0751, 1.5162]","(5095.85, 5122.3]","(-0.025, 2.5]",False
493,"(40.8, 48.4]",technician,married,university.degree,no,yes,no,cellular,aug,tue,"(0.961, 4.9]","(28.8, 32.0]","(-0.005, 0.5]",nonexistent,"(0.9200000000000004, 1.4]","(93.2274, 93.48400000000001]","(-36.46, -34.07]","(4.603899999999999, 5.045]","(5201.650000000001, 5228.1]","(-0.025, 2.5]",False
495,"(78.8, 86.39999999999999]",retired,married,Basic,no,yes,no,cellular,apr,thu,"(0.961, 4.9]","(28.8, 32.0]","(-0.005, 0.5]",nonexistent,"(-1.96, -1.48]","(92.97080000000001, 93.2274]","(-48.41, -46.019999999999996]","(1.0751, 1.5162]","(5095.85, 5122.3]","(-0.025, 2.5]",False
498,"(33.2, 40.8]",management,married,university.degree,no,no,no,cellular,nov,thu,"(0.961, 4.9]","(28.8, 32.0]","(-0.005, 0.5]",nonexistent,"(-0.52, -0.040000000000000036]","(92.97080000000001, 93.2274]","(-43.629999999999995, -41.239999999999995]","(3.7216999999999993, 4.1628]","(5175.200000000001, 5201.650000000001]","(-0.025, 2.5]",False
500,"(40.8, 48.4]",technician,married,Basic,no,yes,no,telephone,may,wed,"(0.961, 4.9]","(28.8, 32.0]","(-0.005, 0.5]",nonexistent,"(0.9200000000000004, 1.4]","(93.74060000000001, 93.9972]","(-36.46, -34.07]","(4.603899999999999, 5.045]","(5175.200000000001, 5201.650000000001]","(-0.025, 2.5]",False
505,"(33.2, 40.8]",admin.,single,university.degree,no,yes,no,telephone,jun,wed,"(0.961, 4.9]","(28.8, 32.0]","(-0.005, 0.5]",nonexistent,"(0.9200000000000004, 1.4]","(94.25380000000001, 94.5104]","(-43.629999999999995, -41.239999999999995]","(4.603899999999999, 5.045]","(5201.650000000001, 5228.1]","(-0.025, 2.5]",False
506,"(25.6, 33.2]",admin.,married,university.degree,no,yes,yes,cellular,may,mon,"(0.961, 4.9]","(28.8, 32.0]","(-0.005, 0.5]",nonexistent,"(-1.96, -1.48]","(92.7142, 92.97080000000001]","(-48.41, -46.019999999999996]","(1.0751, 1.5162]","(5095.85, 5122.3]","(-0.025, 2.5]",False
511,"(40.8, 48.4]",blue-collar,married,Basic,no,no,no,cellular,apr,mon,"(0.961, 4.9]","(-0.032, 3.2]","(0.5, 1.0]",success,"(-1.96, -1.48]","(92.97080000000001, 93.2274]","(-48.41, -46.019999999999996]","(1.0751, 1.5162]","(5095.85, 5122.3]","(-0.025, 2.5]",True
526,"(17.924, 25.6]",admin.,single,high.school,no,no,no,telephone,jun,fri,"(4.9, 8.8]","(28.8, 32.0]","(-0.005, 0.5]",nonexistent,"(0.9200000000000004, 1.4]","(94.25380000000001, 94.5104]","(-43.629999999999995, -41.239999999999995]","(4.603899999999999, 5.045]","(5201.650000000001, 5228.1]","(-0.025, 2.5]",False
527,"(40.8, 48.4]",blue-collar,married,Basic,no,yes,no,cellular,aug,mon,"(4.9, 8.8]","(28.8, 32.0]","(-0.005, 0.5]",nonexistent,"(0.9200000000000004, 1.4]","(93.2274, 93.48400000000001]","(-36.46, -34.07]","(4.603899999999999, 5.045]","(5201.650000000001, 5228.1]","(-0.025, 2.5]",False
528,"(40.8, 48.4]",blue-collar,married,Basic,no,no,no,telephone,may,wed,"(4.9, 8.8]","(28.8, 32.0]","(-0.005, 0.5]",nonexistent,"(0.9200000000000004, 1.4]","(93.74060000000001, 93.9972]","(-36.46, -34.07]","(4.603899999999999, 5.045]","(5175.200000000001, 5201.650000000001]","(-0.025, 2.5]",False
533,"(33.2, 40.8]",technician,single,university.degree,no,no,no,telephone,jun,thu,"(0.961, 4.9]","(28.8, 32.0]","(-0.005, 0.5]",nonexistent,"(0.9200000000000004, 1.4]","(94.25380000000001, 94.5104]","(-43.629999999999995, -41.239999999999995]","(4.603899999999999, 5.045]","(5201.650000000001, 5228.1]","(-0.025, 2.5]",False
534,"(33.2, 40.8]",admin.,married,university.degree,no,yes,no,cellular,aug,thu,"(0.961, 4.9]","(28.8, 32.0]","(-0.005, 0.5]",nonexistent,"(0.9200000000000004, 1.4]","(93.2274, 93.48400000000001]","(-36.46, -34.07]","(4.603899999999999, 5.045]","(5201.650000000001, 5228.1]","(-0.025, 2.5]",False
537,"(48.4, 56.0]",technician,married,Basic,no,no,no,telephone,jun,fri,"(0.961, 4.9]","(28.8, 32.0]","(-0.005, 0.5]",nonexistent,"(0.9200000000000004, 1.4]","(94.25380000000001, 94.5104]","(-43.629999999999995, -41.239999999999995]","(4.603899999999999, 5.045]","(5201.650000000001, 5228.1]","(-0.025, 2.5]",False
541,"(40.8, 48.4]",services,married,Basic,no,yes,no,cellular,jul,mon,"(0.961, 4.9]","(28.8, 32.0]","(-0.005, 0.5]",nonexistent,"(0.9200000000000004, 1.4]","(93.74060000000001, 93.9972]","(-43.629999999999995, -41.239999999999995]","(4.603899999999999, 5.045]","(5201.650000000001, 5228.1]","(-0.025, 2.5]",False
542,"(25.6, 33.2]",technician,single,professional.course,no,yes,no,cellular,may,fri,"(4.9, 8.8]","(28.8, 32.0]","(-0.005, 0.5]",nonexistent,"(-1.96, -1.48]","(92.7142, 92.97080000000001]","(-48.41, -46.019999999999996]","(1.0751, 1.5162]","(5095.85, 5122.3]","(-0.025, 2.5]",False
545,"(33.2, 40.8]",blue-collar,married,Basic,no,no,no,cellular,apr,mon,"(0.961, 4.9]","(28.8, 32.0]","(-0.005, 0.5]",nonexistent,"(-1.96, -1.48]","(92.97080000000001, 93.2274]","(-48.41, -46.019999999999996]","(1.0751, 1.5162]","(5095.85, 5122.3]","(-0.025, 2.5]",False
546,"(25.6, 33.2]",technician,married,professional.course,no,yes,yes,cellular,aug,mon,"(0.961, 4.9]","(28.8, 32.0]","(-0.005, 0.5]",nonexistent,"(0.9200000000000004, 1.4]","(93.2274, 93.48400000000001]","(-36.46, -34.07]","(4.603899999999999, 5.045]","(5201.650000000001, 5228.1]","(-0.025, 2.5]",False
552,"(48.4, 56.0]",management,divorced,university.degree,no,yes,no,telephone,may,thu,"(0.961, 4.9]","(28.8, 32.0]","(-0.005, 0.5]",nonexistent,"(0.9200000000000004, 1.4]","(93.74060000000001, 93.9972]","(-36.46, -34.07]","(4.603899999999999, 5.045]","(5175.200000000001, 5201.650000000001]","(-0.025, 2.5]",False
553,"(48.4, 56.0]",entrepreneur,married,university.degree,no,yes,no,telephone,may,thu,"(0.961, 4.9]","(28.8, 32.0]","(-0.005, 0.5]",nonexistent,"(0.9200000000000004, 1.4]","(93.74060000000001, 93.9972]","(-36.46, -34.07]","(4.603899999999999, 5.045]","(5175.200000000001, 5201.650000000001]","(-0.025, 2.5]",False
558,"(48.4, 56.0]",blue-collar,divorced,Basic,no,yes,no,cellular,jul,wed,"(0.961, 4.9]","(28.8, 32.0]","(-0.005, 0.5]",nonexistent,"(0.9200000000000004, 1.4]","(93.74060000000001, 93.9972]","(-43.629999999999995, -41.239999999999995]","(4.603899999999999, 5.045]","(5201.650000000001, 5228.1]","(-0.025, 2.5]",False
559,"(40.8, 48.4]",admin.,married,professional.course,no,yes,no,cellular,may,mon,"(0.961, 4.9]","(6.4, 9.600000000000001]","(1.5, 2.0]",failure,"(-1.96, -1.48]","(92.7142, 92.97080000000001]","(-48.41, -46.019999999999996]","(1.0751, 1.5162]","(5095.85, 5122.3]","(7.5, 10.0]",True
560,"(17.924, 25.6]",student,single,Basic,no,yes,no,cellular,sep,wed,"(0.961, 4.9]","(3.2, 6.4]","(2.5, 3.0]",success,"(-1.48, -1.0]","(93.9972, 94.25380000000001]","(-38.849999999999994, -36.46]","(0.629589, 1.0751]","(4963.3355, 4990.05]","(7.5, 10.0]",True
566,"(33.2, 40.8]",entrepreneur,married,professional.course,no,yes,no,telephone,may,fri,"(0.961, 4.9]","(28.8, 32.0]","(-0.005, 0.5]",nonexistent,"(0.9200000000000004, 1.4]","(93.74060000000001, 93.9972]","(-36.46, -34.07]","(4.603899999999999, 5.045]","(5175.200000000001, 5201.650000000001]","(-0.025, 2.5]",False
568,"(25.6, 33.2]",admin.,married,high.school,no,yes,no,cellular,may,wed,"(0.961, 4.9]","(28.8, 32.0]","(-0.005, 0.5]",nonexistent,"(-1.96, -1.48]","(92.7142, 92.97080000000001]","(-48.41, -46.019999999999996]","(1.0751, 1.5162]","(5095.85, 5122.3]","(-0.025, 2.5]",False
582,"(25.6, 33.2]",admin.,married,high.school,no,no,no,cellular,aug,tue,"(0.961, 4.9]","(28.8, 32.0]","(-0.005, 0.5]",nonexistent,"(0.9200000000000004, 1.4]","(93.2274, 93.48400000000001]","(-36.46, -34.07]","(4.603899999999999, 5.045]","(5201.650000000001, 5228.1]","(-0.025, 2.5]",False
586,"(48.4, 56.0]",unemployed,married,professional.course,no,no,no,telephone,may,wed,"(0.961, 4.9]","(28.8, 32.0]","(-0.005, 0.5]",nonexistent,"(0.9200000000000004, 1.4]","(93.74060000000001, 93.9972]","(-36.46, -34.07]","(4.603899999999999, 5.045]","(5175.200000000001, 5201.650000000001]","(-0.025, 2.5]",False
590,"(33.2, 40.8]",admin.,married,university.degree,no,no,no,telephone,may,mon,"(4.9, 8.8]","(28.8, 32.0]","(-0.005, 0.5]",nonexistent,"(0.9200000000000004, 1.4]","(93.74060000000001, 93.9972]","(-36.46, -34.07]","(4.603899999999999, 5.045]","(5175.200000000001, 5201.650000000001]","(-0.025, 2.5]",False
592,"(48.4, 56.0]",blue-collar,married,Basic,no,no,no,telephone,jun,thu,"(0.961, 4.9]","(28.8, 32.0]","(-0.005, 0.5]",nonexistent,"(0.9200000000000004, 1.4]","(94.25380000000001, 94.5104]","(-43.629999999999995, -41.239999999999995]","(4.603899999999999, 5.045]","(5201.650000000001, 5228.1]","(-0.025, 2.5]",False
593,"(40.8, 48.4]",blue-collar,married,Basic,no,yes,no,cellular,jul,tue,"(0.961, 4.9]","(28.8, 32.0]","(-0.005, 0.5]",nonexistent,"(0.9200000000000004, 1.4]","(93.74060000000001, 93.9972]","(-43.629999999999995, -41.239999999999995]","(4.603899999999999, 5.045]","(5201.650000000001, 5228.1]","(-0.025, 2.5]",False
596,"(25.6, 33.2]",admin.,single,university.degree,no,yes,yes,cellular,may,wed,"(4.9, 8.8]","(28.8, 32.0]","(0.5, 1.0]",failure,"(-1.96, -1.48]","(92.7142, 92.97080000000001]","(-48.41, -46.019999999999996]","(1.0751, 1.5162]","(5095.85, 5122.3]","(-0.025, 2.5]",False
600,"(40.8, 48.4]",technician,single,professional.course,no,no,no,cellular,nov,mon,"(0.961, 4.9]","(28.8, 32.0]","(-0.005, 0.5]",nonexistent,"(-0.52, -0.040000000000000036]","(92.97080000000001, 93.2274]","(-43.629999999999995, -41.239999999999995]","(4.1628, 4.603899999999999]","(5175.200000000001, 5201.650000000001]","(-0.025, 2.5]",False
601,"(56.0, 63.599999999999994]",technician,married,university.degree,no,yes,no,telephone,mar,mon,"(0.961, 4.9]","(28.8, 32.0]","(-0.005, 0.5]",nonexistent,"(-1.96, -1.48]","(93.2274, 93.48400000000001]","(-36.46, -34.07]","(0.629589, 1.0751]","(4990.05, 5016.5]","(-0.025, 2.5]",False
603,"(48.4, 56.0]",self-employed,single,Basic,no,yes,no,cellular,nov,thu,"(0.961, 4.9]","(28.8, 32.0]","(-0.005, 0.5]",nonexistent,"(-3.4048, -2.92]","(92.45760000000001, 92.7142]","(-31.68, -29.29]","(0.629589, 1.0751]","(5016.5, 5042.950000000001]","(-0.025, 2.5]",False
605,"(17.924, 25.6]",admin.,married,high.school,no,yes,no,telephone,jul,mon,"(0.961, 4.9]","(28.8, 32.0]","(-0.005, 0.5]",nonexistent,"(-1.96, -1.48]","(93.9972, 94.25380000000001]","(-41.239999999999995, -38.849999999999994]","(0.629589, 1.0751]","(4990.05, 5016.5]","(-0.025, 2.5]",False
610,"(25.6, 33.2]",admin.,single,professional.course,no,no,yes,telephone,jun,thu,"(0.961, 4.9]","(28.8, 32.0]","(-0.005, 0.5]",nonexistent,"(0.9200000000000004, 1.4]","(94.25380000000001, 94.5104]","(-43.629999999999995, -41.239999999999995]","(4.603899999999999, 5.045]","(5201.650000000001, 5228.1]","(-0.025, 2.5]",False
611,"(33.2, 40.8]",management,married,university.degree,no,yes,no,telephone,may,thu,"(0.961, 4.9]","(28.8, 32.0]","(-0.005, 0.5]",nonexistent,"(-1.96, -1.48]","(92.7142, 92.97080000000001]","(-48.41, -46.019999999999996]","(1.0751, 1.5162]","(5095.85, 5122.3]","(-0.025, 2.5]",False
614,"(40.8, 48.4]",technician,married,professional.course,no,yes,no,telephone,may,thu,"(0.961, 4.9]","(28.8, 32.0]","(-0.005, 0.5]",nonexistent,"(0.9200000000000004, 1.4]","(93.74060000000001, 93.9972]","(-36.46, -34.07]","(4.603899999999999, 5.045]","(5175.200000000001, 5201.650000000001]","(-0.025, 2.5]",False
615,"(25.6, 33.2]",admin.,single,university.degree,no,yes,no,cellular,aug,wed,"(0.961, 4.9]","(28.8, 32.0]","(0.5, 1.0]",failure,"(-2.92, -2.44]","(92.198434, 92.45760000000001]","(-31.68, -29.29]","(0.629589, 1.0751]","(5069.400000000001, 5095.85]","(-0.025, 2.5]",False
616,"(33.2, 40.8]",admin.,single,university.degree,no,no,no,cellular,aug,mon,"(0.961, 4.9]","(28.8, 32.0]","(-0.005, 0.5]",nonexistent,"(0.9200000000000004, 1.4]","(93.2274, 93.48400000000001]","(-36.46, -34.07]","(4.603899999999999, 5.045]","(5201.650000000001, 5228.1]","(-0.025, 2.5]",False
623,"(40.8, 48.4]",management,married,university.degree,no,yes,no,telephone,jun,fri,"(0.961, 4.9]","(28.8, 32.0]","(-0.005, 0.5]",nonexistent,"(0.9200000000000004, 1.4]","(94.25380000000001, 94.5104]","(-43.629999999999995, -41.239999999999995]","(4.603899999999999, 5.045]","(5201.650000000001, 5228.1]","(-0.025, 2.5]",False
628,"(25.6, 33.2]",admin.,married,high.school,no,yes,no,cellular,may,tue,"(4.9, 8.8]","(28.8, 32.0]","(-0.005, 0.5]",nonexistent,"(-1.96, -1.48]","(92.7142, 92.97080000000001]","(-48.41, -46.019999999999996]","(1.0751, 1.5162]","(5095.85, 5122.3]","(-0.025, 2.5]",False
630,"(33.2, 40.8]",blue-collar,married,Basic,no,no,no,cellular,may,fri,"(4.9, 8.8]","(28.8, 32.0]","(0.5, 1.0]",failure,"(-1.96, -1.48]","(92.7142, 92.97080000000001]","(-48.41, -46.019999999999996]","(1.0751, 1.5162]","(5095.85, 5122.3]","(2.5, 5.0]",False
634,"(25.6, 33.2]",blue-collar,married,Basic,no,yes,no,telephone,jul,wed,"(0.961, 4.9]","(28.8, 32.0]","(-0.005, 0.5]",nonexistent,"(0.9200000000000004, 1.4]","(93.74060000000001, 93.9972]","(-43.629999999999995, -41.239999999999995]","(4.603899999999999, 5.045]","(5201.650000000001, 5228.1]","(-0.025, 2.5]",False
636,"(48.4, 56.0]",admin.,married,high.school,no,no,no,telephone,may,tue,"(0.961, 4.9]","(28.8, 32.0]","(-0.005, 0.5]",nonexistent,"(0.9200000000000004, 1.4]","(93.74060000000001, 93.9972]","(-36.46, -34.07]","(4.603899999999999, 5.045]","(5175.200000000001, 5201.650000000001]","(-0.025, 2.5]",False
637,"(25.6, 33.2]",blue-collar,single,Basic,no,yes,no,cellular,may,fri,"(4.9, 8.8]","(28.8, 32.0]","(-0.005, 0.5]",nonexistent,"(-1.96, -1.48]","(92.7142, 92.97080000000001]","(-48.41, -46.019999999999996]","(1.0751, 1.5162]","(5095.85, 5122.3]","(-0.025, 2.5]",False
639,"(40.8, 48.4]",blue-collar,married,high.school,no,yes,no,cellular,nov,tue,"(0.961, 4.9]","(28.8, 32.0]","(-0.005, 0.5]",nonexistent,"(-0.52, -0.040000000000000036]","(92.97080000000001, 93.2274]","(-43.629999999999995, -41.239999999999995]","(3.7216999999999993, 4.1628]","(5175.200000000001, 5201.650000000001]","(-0.025, 2.5]",False
644,"(25.6, 33.2]",technician,married,high.school,no,yes,no,cellular,aug,tue,"(0.961, 4.9]","(28.8, 32.0]","(-0.005, 0.5]",nonexistent,"(0.9200000000000004, 1.4]","(93.2274, 93.48400000000001]","(-36.46, -34.07]","(4.603899999999999, 5.045]","(5201.650000000001, 5228.1]","(-0.025, 2.5]",False
650,"(17.924, 25.6]",blue-collar,single,Basic,no,yes,no,telephone,jul,thu,"(0.961, 4.9]","(28.8, 32.0]","(-0.005, 0.5]",nonexistent,"(0.9200000000000004, 1.4]","(93.74060000000001, 93.9972]","(-43.629999999999995, -41.239999999999995]","(4.603899999999999, 5.045]","(5201.650000000001, 5228.1]","(-0.025, 2.5]",False
652,"(25.6, 33.2]",entrepreneur,single,university.degree,no,yes,no,cellular,jul,thu,"(0.961, 4.9]","(28.8, 32.0]","(-0.005, 0.5]",nonexistent,"(0.9200000000000004, 1.4]","(93.74060000000001, 93.9972]","(-43.629999999999995, -41.239999999999995]","(4.603899999999999, 5.045]","(5201.650000000001, 5228.1]","(-0.025, 2.5]",False
656,"(17.924, 25.6]",blue-collar,single,Basic,no,no,no,cellular,may,mon,"(0.961, 4.9]","(28.8, 32.0]","(-0.005, 0.5]",nonexistent,"(-1.96, -1.48]","(92.7142, 92.97080000000001]","(-48.41, -46.019999999999996]","(1.0751, 1.5162]","(5095.85, 5122.3]","(-0.025, 2.5]",False
657,"(25.6, 33.2]",admin.,single,high.school,no,yes,no,cellular,may,thu,"(4.9, 8.8]","(28.8, 32.0]","(0.5, 1.0]",failure,"(-1.96, -1.48]","(92.7142, 92.97080000000001]","(-48.41, -46.019999999999996]","(1.0751, 1.5162]","(5095.85, 5122.3]","(2.5, 5.0]",False
660,"(25.6, 33.2]",admin.,single,university.degree,no,no,no,cellular,aug,thu,"(0.961, 4.9]","(28.8, 32.0]","(-0.005, 0.5]",nonexistent,"(0.9200000000000004, 1.4]","(93.2274, 93.48400000000001]","(-36.46, -34.07]","(4.603899999999999, 5.045]","(5201.650000000001, 5228.1]","(-0.025, 2.5]",False
661,"(33.2, 40.8]",management,single,university.degree,no,no,no,telephone,may,tue,"(0.961, 4.9]","(28.8, 32.0]","(-0.005, 0.5]",nonexistent,"(0.9200000000000004, 1.4]","(93.74060000000001, 93.9972]","(-36.46, -34.07]","(4.603899999999999, 5.045]","(5175.200000000001, 5201.650000000001]","(-0.025, 2.5]",False
671,"(25.6, 33.2]",technician,married,professional.course,no,no,no,cellular,jul,tue,"(4.9, 8.8]","(28.8, 32.0]","(-0.005, 0.5]",nonexistent,"(0.9200000000000004, 1.4]","(93.74060000000001, 93.9972]","(-43.629999999999995, -41.239999999999995]","(4.603899999999999, 5.045]","(5201.650000000001, 5228.1]","(-0.025, 2.5]",False
673,"(33.2, 40.8]",blue-collar,divorced,Basic,no,no,no,cellular,nov,thu,"(0.961, 4.9]","(28.8, 32.0]","(-0.005, 0.5]",nonexistent,"(-0.52, -0.040000000000000036]","(92.97080000000001, 93.2274]","(-43.629999999999995, -41.239999999999995]","(3.7216999999999993, 4.1628]","(5175.200000000001, 5201.650000000001]","(-0.025, 2.5]",False
675,"(25.6, 33.2]",admin.,single,high.school,no,yes,no,telephone,may,wed,"(0.961, 4.9]","(28.8, 32.0]","(-0.005, 0.5]",nonexistent,"(0.9200000000000004, 1.4]","(93.74060000000001, 93.9972]","(-36.46, -34.07]","(4.603899999999999, 5.045]","(5175.200000000001, 5201.650000000001]","(-0.025, 2.5]",False
677,"(33.2, 40.8]",housemaid,married,high.school,no,no,no,telephone,jun,thu,"(0.961, 4.9]","(28.8, 32.0]","(-0.005, 0.5]",nonexistent,"(0.9200000000000004, 1.4]","(94.25380000000001, 94.5104]","(-43.629999999999995, -41.239999999999995]","(4.603899999999999, 5.045]","(5201.650000000001, 5228.1]","(-0.025, 2.5]",False
678,"(48.4, 56.0]",admin.,married,university.degree,no,yes,no,cellular,jul,wed,"(0.961, 4.9]","(28.8, 32.0]","(-0.005, 0.5]",nonexistent,"(0.9200000000000004, 1.4]","(93.74060000000001, 93.9972]","(-43.629999999999995, -41.239999999999995]","(4.603899999999999, 5.045]","(5201.650000000001, 5228.1]","(-0.025, 2.5]",False
684,"(40.8, 48.4]",admin.,married,university.degree,no,yes,yes,telephone,nov,wed,"(0.961, 4.9]","(28.8, 32.0]","(-0.005, 0.5]",nonexistent,"(-0.52, -0.040000000000000036]","(92.97080000000001, 93.2274]","(-43.629999999999995, -41.239999999999995]","(3.7216999999999993, 4.1628]","(5175.200000000001, 5201.650000000001]","(-0.025, 2.5]",False
686,"(25.6, 33.2]",technician,single,university.degree,no,no,no,telephone,may,wed,"(0.961, 4.9]","(28.8, 32.0]","(0.5, 1.0]",failure,"(-1.96, -1.48]","(92.7142, 92.97080000000001]","(-48.41, -46.019999999999996]","(1.0751, 1.5162]","(5095.85, 5122.3]","(-0.025, 2.5]",False
691,"(48.4, 56.0]",technician,divorced,high.school,no,yes,no,cellular,may,thu,"(0.961, 4.9]","(28.8, 32.0]","(-0.005, 0.5]",nonexistent,"(-1.96, -1.48]","(92.7142, 92.97080000000001]","(-48.41, -46.019999999999996]","(1.0751, 1.5162]","(5095.85, 5122.3]","(-0.025, 2.5]",False
692,"(33.2, 40.8]",admin.,divorced,university.degree,no,yes,no,cellular,jul,wed,"(0.961, 4.9]","(28.8, 32.0]","(-0.005, 0.5]",nonexistent,"(0.9200000000000004, 1.4]","(93.74060000000001, 93.9972]","(-43.629999999999995, -41.239999999999995]","(4.603899999999999, 5.045]","(5201.650000000001, 5228.1]","(-0.025, 2.5]",False
695,"(33.2, 40.8]",technician,single,university.degree,no,yes,no,cellular,jul,thu,"(0.961, 4.9]","(28.8, 32.0]","(-0.005, 0.5]",nonexistent,"(-2.92, -2.44]","(92.45760000000001, 92.7142]","(-34.07, -31.68]","(0.629589, 1.0751]","(5069.400000000001, 5095.85]","(-0.025, 2.5]",False
700,"(56.0, 63.599999999999994]",blue-collar,married,Basic,no,yes,no,cellular,aug,mon,"(0.961, 4.9]","(28.8, 32.0]","(-0.005, 0.5]",nonexistent,"(0.9200000000000004, 1.4]","(93.2274, 93.48400000000001]","(-36.46, -34.07]","(4.603899999999999, 5.045]","(5201.650000000001, 5228.1]","(-0.025, 2.5]",False
705,"(25.6, 33.2]",technician,single,university.degree,no,yes,no,cellular,oct,thu,"(0.961, 4.9]","(28.8, 32.0]","(-0.005, 0.5]",nonexistent,"(-3.4048, -2.92]","(92.198434, 92.45760000000001]","(-29.29, -26.9]","(0.629589, 1.0751]","(5016.5, 5042.950000000001]","(-0.025, 2.5]",False
706,"(40.8, 48.4]",housemaid,married,high.school,no,yes,no,cellular,aug,tue,"(0.961, 4.9]","(28.8, 32.0]","(-0.005, 0.5]",nonexistent,"(0.9200000000000004, 1.4]","(93.2274, 93.48400000000001]","(-36.46, -34.07]","(4.603899999999999, 5.045]","(5201.650000000001, 5228.1]","(-0.025, 2.5]",False
713,"(25.6, 33.2]",services,married,high.school,no,yes,no,telephone,jun,wed,"(0.961, 4.9]","(28.8, 32.0]","(-0.005, 0.5]",nonexistent,"(0.9200000000000004, 1.4]","(94.25380000000001, 94.5104]","(-43.629999999999995, -41.239999999999995]","(4.603899999999999, 5.045]","(5201.650000000001, 5228.1]","(-0.025, 2.5]",False
715,"(25.6, 33.2]",technician,married,university.degree,no,yes,yes,cellular,may,thu,"(0.961, 4.9]","(28.8, 32.0]","(-0.005, 0.5]",nonexistent,"(-1.96, -1.48]","(92.7142, 92.97080000000001]","(-48.41, -46.019999999999996]","(1.0751, 1.5162]","(5095.85, 5122.3]","(-0.025, 2.5]",False
719,"(40.8, 48.4]",admin.,divorced,high.school,no,no,no,telephone,jun,mon,"(8.8, 12.7]","(28.8, 32.0]","(-0.005, 0.5]",nonexistent,"(0.9200000000000004, 1.4]","(94.25380000000001, 94.5104]","(-43.629999999999995, -41.239999999999995]","(4.603899999999999, 5.045]","(5201.650000000001, 5228.1]","(-0.025, 2.5]",False
720,"(25.6, 33.2]",technician,single,university.degree,no,no,no,telephone,aug,mon,"(4.9, 8.8]","(28.8, 32.0]","(-0.005, 0.5]",nonexistent,"(0.9200000000000004, 1.4]","(93.2274, 93.48400000000001]","(-36.46, -34.07]","(4.603899999999999, 5.045]","(5201.650000000001, 5228.1]","(-0.025, 2.5]",False
721,"(25.6, 33.2]",technician,married,professional.course,no,no,no,cellular,jul,thu,"(8.8, 12.7]","(28.8, 32.0]","(-0.005, 0.5]",nonexistent,"(0.9200000000000004, 1.4]","(93.74060000000001, 93.9972]","(-43.629999999999995, -41.239999999999995]","(4.603899999999999, 5.045]","(5201.650000000001, 5228.1]","(-0.025, 2.5]",False
722,"(25.6, 33.2]",self-employed,single,university.degree,no,yes,no,cellular,jul,thu,"(0.961, 4.9]","(12.8, 16.0]","(0.5, 1.0]",success,"(-2.92, -2.44]","(92.45760000000001, 92.7142]","(-34.07, -31.68]","(0.629589, 1.0751]","(5069.400000000001, 5095.85]","(2.5, 5.0]",True
723,"(25.6, 33.2]",blue-collar,married,Basic,no,no,no,telephone,may,tue,"(0.961, 4.9]","(28.8, 32.0]","(-0.005, 0.5]",nonexistent,"(0.9200000000000004, 1.4]","(93.74060000000001, 93.9972]","(-36.46, -34.07]","(4.603899999999999, 5.045]","(5175.200000000001, 5201.650000000001]","(-0.025, 2.5]",False
732,"(48.4, 56.0]",entrepreneur,married,professional.course,no,yes,yes,cellular,oct,mon,"(0.961, 4.9]","(28.8, 32.0]","(1.5, 2.0]",failure,"(-3.4048, -2.92]","(92.198434, 92.45760000000001]","(-29.29, -26.9]","(0.629589, 1.0751]","(5016.5, 5042.950000000001]","(-0.025, 2.5]",False
736,"(40.8, 48.4]",management,married,university.degree,no,yes,yes,cellular,apr,mon,"(4.9, 8.8]","(28.8, 32.0]","(-0.005, 0.5]",nonexistent,"(-1.96, -1.48]","(92.97080000000001, 93.2274]","(-48.41, -46.019999999999996]","(1.0751, 1.5162]","(5095.85, 5122.3]","(-0.025, 2.5]",False
738,"(33.2, 40.8]",technician,single,professional.course,no,yes,yes,telephone,jun,mon,"(8.8, 12.7]","(28.8, 32.0]","(-0.005, 0.5]",nonexistent,"(0.9200000000000004, 1.4]","(94.25380000000001, 94.5104]","(-43.629999999999995, -41.239999999999995]","(4.603899999999999, 5.045]","(5201.650000000001, 5228.1]","(-0.025, 2.5]",False
740,"(25.6, 33.2]",blue-collar,single,Basic,no,yes,no,cellular,nov,thu,"(0.961, 4.9]","(28.8, 32.0]","(-0.005, 0.5]",nonexistent,"(-0.52, -0.040000000000000036]","(92.97080000000001, 93.2274]","(-43.629999999999995, -41.239999999999995]","(3.7216999999999993, 4.1628]","(5175.200000000001, 5201.650000000001]","(-0.025, 2.5]",False
742,"(48.4, 56.0]",housemaid,married,Basic,no,no,no,cellular,aug,mon,"(0.961, 4.9]","(28.8, 32.0]","(-0.005, 0.5]",nonexistent,"(0.9200000000000004, 1.4]","(93.2274, 93.48400000000001]","(-36.46, -34.07]","(4.603899999999999, 5.045]","(5201.650000000001, 5228.1]","(-0.025, 2.5]",False
743,"(25.6, 33.2]",admin.,single,university.degree,no,no,no,cellular,may,fri,"(0.961, 4.9]","(28.8, 32.0]","(-0.005, 0.5]",nonexistent,"(-1.96, -1.48]","(92.7142, 92.97080000000001]","(-48.41, -46.019999999999996]","(1.0751, 1.5162]","(5095.85, 5122.3]","(-0.025, 2.5]",False
744,"(40.8, 48.4]",blue-collar,married,Basic,no,yes,no,cellular,apr,thu,"(0.961, 4.9]","(28.8, 32.0]","(-0.005, 0.5]",nonexistent,"(-1.96, -1.48]","(92.97080000000001, 93.2274]","(-48.41, -46.019999999999996]","(1.0751, 1.5162]","(5095.85, 5122.3]","(-0.025, 2.5]",False
745,"(33.2, 40.8]",admin.,married,university.degree,no,yes,no,telephone,jun,wed,"(0.961, 4.9]","(28.8, 32.0]","(-0.005, 0.5]",nonexistent,"(0.9200000000000004, 1.4]","(94.25380000000001, 94.5104]","(-43.629999999999995, -41.239999999999995]","(4.603899999999999, 5.045]","(5201.650000000001, 5228.1]","(-0.025, 2.5]",False
751,"(48.4, 56.0]",technician,married,university.degree,no,no,no,cellular,jul,mon,"(12.7, 16.6]","(28.8, 32.0]","(-0.005, 0.5]",nonexistent,"(0.9200000000000004, 1.4]","(93.74060000000001, 93.9972]","(-43.629999999999995, -41.239999999999995]","(4.603899999999999, 5.045]","(5201.650000000001, 5228.1]","(-0.025, 2.5]",False
758,"(25.6, 33.2]",admin.,single,university.degree,no,yes,no,cellular,may,wed,"(0.961, 4.9]","(28.8, 32.0]","(0.5, 1.0]",failure,"(-1.96, -1.48]","(92.7142, 92.97080000000001]","(-48.41, -46.019999999999996]","(1.0751, 1.5162]","(5095.85, 5122.3]","(2.5, 5.0]",False
759,"(25.6, 33.2]",technician,single,university.degree,no,yes,no,cellular,aug,wed,"(0.961, 4.9]","(28.8, 32.0]","(-0.005, 0.5]",nonexistent,"(0.9200000000000004, 1.4]","(93.2274, 93.48400000000001]","(-36.46, -34.07]","(4.603899999999999, 5.045]","(5201.650000000001, 5228.1]","(-0.025, 2.5]",False
760,"(25.6, 33.2]",technician,married,professional.course,no,yes,no,cellular,aug,mon,"(0.961, 4.9]","(28.8, 32.0]","(-0.005, 0.5]",nonexistent,"(0.9200000000000004, 1.4]","(93.2274, 93.48400000000001]","(-36.46, -34.07]","(4.603899999999999, 5.045]","(5201.650000000001, 5228.1]","(-0.025, 2.5]",False
762,"(33.2, 40.8]",blue-collar,married,Basic,no,yes,no,telephone,may,wed,"(0.961, 4.9]","(28.8, 32.0]","(-0.005, 0.5]",nonexistent,"(0.9200000000000004, 1.4]","(93.74060000000001, 93.9972]","(-36.46, -34.07]","(4.603899999999999, 5.045]","(5175.200000000001, 5201.650000000001]","(-0.025, 2.5]",False
765,"(48.4, 56.0]",entrepreneur,married,high.school,no,yes,no,cellular,may,fri,"(0.961, 4.9]","(28.8, 32.0]","(0.5, 1.0]",failure,"(-1.96, -1.48]","(92.7142, 92.97080000000001]","(-48.41, -46.019999999999996]","(1.0751, 1.5162]","(5095.85, 5122.3]","(2.5, 5.0]",False
766,"(40.8, 48.4]",self-employed,married,Basic,no,no,no,telephone,jun,mon,"(0.961, 4.9]","(28.8, 32.0]","(-0.005, 0.5]",nonexistent,"(0.9200000000000004, 1.4]","(94.25380000000001, 94.5104]","(-43.629999999999995, -41.239999999999995]","(4.603899999999999, 5.045]","(5201.650000000001, 5228.1]","(-0.025, 2.5]",False
773,"(33.2, 40.8]",technician,married,professional.course,no,no,no,cellular,aug,mon,"(0.961, 4.9]","(28.8, 32.0]","(-0.005, 0.5]",nonexistent,"(0.9200000000000004, 1.4]","(93.2274, 93.48400000000001]","(-36.46, -34.07]","(4.603899999999999, 5.045]","(5201.650000000001, 5228.1]","(-0.025, 2.5]",False
774,"(17.924, 25.6]",admin.,divorced,university.degree,no,no,no,cellular,jun,mon,"(0.961, 4.9]","(28.8, 32.0]","(-0.005, 0.5]",nonexistent,"(-2.92, -2.44]","(92.7142, 92.97080000000001]","(-41.239999999999995, -38.849999999999994]","(1.0751, 1.5162]","(5069.400000000001, 5095.85]","(-0.025, 2.5]",False
775,"(40.8, 48.4]",services,married,high.school,no,yes,no,cellular,may,wed,"(0.961, 4.9]","(28.8, 32.0]","(-0.005, 0.5]",nonexistent,"(-1.96, -1.48]","(92.7142, 92.97080000000001]","(-48.41, -46.019999999999996]","(1.0751, 1.5162]","(5095.85, 5122.3]","(-0.025, 2.5]",False
778,"(56.0, 63.599999999999994]",admin.,married,university.degree,no,yes,yes,telephone,jun,tue,"(0.961, 4.9]","(28.8, 32.0]","(-0.005, 0.5]",nonexistent,"(0.9200000000000004, 1.4]","(94.25380000000001, 94.5104]","(-43.629999999999995, -41.239999999999995]","(4.603899999999999, 5.045]","(5201.650000000001, 5228.1]","(-0.025, 2.5]",False
780,"(40.8, 48.4]",admin.,married,high.school,no,yes,no,telephone,may,tue,"(0.961, 4.9]","(28.8, 32.0]","(-0.005, 0.5]",nonexistent,"(0.9200000000000004, 1.4]","(93.74060000000001, 93.9972]","(-36.46, -34.07]","(4.603899999999999, 5.045]","(5175.200000000001, 5201.650000000001]","(-0.025, 2.5]",False
782,"(48.4, 56.0]",technician,divorced,professional.course,no,yes,no,cellular,may,tue,"(0.961, 4.9]","(28.8, 32.0]","(-0.005, 0.5]",nonexistent,"(-1.96, -1.48]","(92.7142, 92.97080000000001]","(-48.41, -46.019999999999996]","(1.0751, 1.5162]","(5095.85, 5122.3]","(-0.025, 2.5]",False
789,"(33.2, 40.8]",admin.,married,high.school,no,no,no,cellular,nov,tue,"(0.961, 4.9]","(28.8, 32.0]","(0.5, 1.0]",failure,"(-0.52, -0.040000000000000036]","(92.97080000000001, 93.2274]","(-43.629999999999995, -41.239999999999995]","(3.7216999999999993, 4.1628]","(5175.200000000001, 5201.650000000001]","(2.5, 5.0]",False
790,"(25.6, 33.2]",admin.,married,high.school,no,no,no,telephone,jul,mon,"(0.961, 4.9]","(28.8, 32.0]","(-0.005, 0.5]",nonexistent,"(0.9200000000000004, 1.4]","(93.74060000000001, 93.9972]","(-43.629999999999995, -41.239999999999995]","(4.603899999999999, 5.045]","(5201.650000000001, 5228.1]","(-0.025, 2.5]",False
793,"(40.8, 48.4]",blue-collar,married,Basic,no,yes,no,cellular,nov,fri,"(0.961, 4.9]","(28.8, 32.0]","(-0.005, 0.5]",nonexistent,"(-0.52, -0.040000000000000036]","(92.97080000000001, 93.2274]","(-43.629999999999995, -41.239999999999995]","(3.7216999999999993, 4.1628]","(5175.200000000001, 5201.650000000001]","(-0.025, 2.5]",False
795,"(48.4, 56.0]",entrepreneur,married,university.degree,no,yes,no,telephone,may,fri,"(0.961, 4.9]","(28.8, 32.0]","(-0.005, 0.5]",nonexistent,"(0.9200000000000004, 1.4]","(93.74060000000001, 93.9972]","(-36.46, -34.07]","(4.603899999999999, 5.045]","(5175.200000000001, 5201.650000000001]","(-0.025, 2.5]",False
800,"(25.6, 33.2]",blue-collar,divorced,Basic,no,no,no,telephone,jul,fri,"(0.961, 4.9]","(28.8, 32.0]","(-0.005, 0.5]",nonexistent,"(0.9200000000000004, 1.4]","(93.74060000000001, 93.9972]","(-43.629999999999995, -41.239999999999995]","(4.603899999999999, 5.045]","(5201.650000000001, 5228.1]","(-0.025, 2.5]",False
802,"(25.6, 33.2]",blue-collar,single,professional.course,no,no,no,cellular,may,tue,"(4.9, 8.8]","(28.8, 32.0]","(-0.005, 0.5]",nonexistent,"(-1.96, -1.48]","(92.7142, 92.97080000000001]","(-48.41, -46.019999999999996]","(1.0751, 1.5162]","(5095.85, 5122.3]","(-0.025, 2.5]",False
809,"(25.6, 33.2]",services,married,high.school,no,yes,no,cellular,nov,wed,"(0.961, 4.9]","(28.8, 32.0]","(0.5, 1.0]",failure,"(-0.52, -0.040000000000000036]","(92.97080000000001, 93.2274]","(-43.629999999999995, -41.239999999999995]","(3.7216999999999993, 4.1628]","(5175.200000000001, 5201.650000000001]","(-0.025, 2.5]",False
810,"(48.4, 56.0]",technician,married,high.school,no,yes,no,cellular,aug,wed,"(12.7, 16.6]","(28.8, 32.0]","(-0.005, 0.5]",nonexistent,"(0.9200000000000004, 1.4]","(93.2274, 93.48400000000001]","(-36.46, -34.07]","(4.603899999999999, 5.045]","(5201.650000000001, 5228.1]","(-0.025, 2.5]",False
811,"(25.6, 33.2]",admin.,married,university.degree,no,yes,no,cellular,jul,fri,"(0.961, 4.9]","(28.8, 32.0]","(-0.005, 0.5]",nonexistent,"(0.9200000000000004, 1.4]","(93.74060000000001, 93.9972]","(-43.629999999999995, -41.239999999999995]","(4.603899999999999, 5.045]","(5201.650000000001, 5228.1]","(-0.025, 2.5]",False
812,"(33.2, 40.8]",self-employed,married,Basic,no,yes,no,telephone,may,wed,"(0.961, 4.9]","(28.8, 32.0]","(1.5, 2.0]",failure,"(-1.96, -1.48]","(92.7142, 92.97080000000001]","(-48.41, -46.019999999999996]","(1.0751, 1.5162]","(5095.85, 5122.3]","(-0.025, 2.5]",False
813,"(17.924, 25.6]",admin.,single,university.degree,no,yes,no,telephone,jul,mon,"(0.961, 4.9]","(28.8, 32.0]","(1.5, 2.0]",failure,"(-1.96, -1.48]","(93.9972, 94.25380000000001]","(-41.239999999999995, -38.849999999999994]","(0.629589, 1.0751]","(4990.05, 5016.5]","(2.5, 5.0]",False
815,"(40.8, 48.4]",admin.,divorced,university.degree,no,no,no,cellular,may,mon,"(0.961, 4.9]","(28.8, 32.0]","(-0.005, 0.5]",nonexistent,"(-1.96, -1.48]","(92.7142, 92.97080000000001]","(-48.41, -46.019999999999996]","(1.0751, 1.5162]","(5095.85, 5122.3]","(-0.025, 2.5]",False
817,"(25.6, 33.2]",admin.,married,high.school,no,no,no,cellular,nov,thu,"(0.961, 4.9]","(28.8, 32.0]","(0.5, 1.0]",failure,"(-0.52, -0.040000000000000036]","(92.97080000000001, 93.2274]","(-43.629999999999995, -41.239999999999995]","(3.7216999999999993, 4.1628]","(5175.200000000001, 5201.650000000001]","(-0.025, 2.5]",False
821,"(56.0, 63.599999999999994]",blue-collar,divorced,professional.course,no,no,no,telephone,may,wed,"(0.961, 4.9]","(28.8, 32.0]","(-0.005, 0.5]",nonexistent,"(0.9200000000000004, 1.4]","(93.74060000000001, 93.9972]","(-36.46, -34.07]","(4.603899999999999, 5.045]","(5175.200000000001, 5201.650000000001]","(-0.025, 2.5]",False
823,"(25.6, 33.2]",blue-collar,married,Basic,no,no,no,telephone,may,wed,"(0.961, 4.9]","(28.8, 32.0]","(-0.005, 0.5]",nonexistent,"(0.9200000000000004, 1.4]","(93.74060000000001, 93.9972]","(-36.46, -34.07]","(4.603899999999999, 5.045]","(5175.200000000001, 5201.650000000001]","(-0.025, 2.5]",False
